-- MySQL dump 10.13  Distrib 5.6.25, for osx10.8 (x86_64)
--
-- Host: localhost    Database: suiyue
-- ------------------------------------------------------
-- Server version	5.6.25

/*!40101 SET @OLD_CHARACTER_SET_CLIENT=@@CHARACTER_SET_CLIENT */;
/*!40101 SET @OLD_CHARACTER_SET_RESULTS=@@CHARACTER_SET_RESULTS */;
/*!40101 SET @OLD_COLLATION_CONNECTION=@@COLLATION_CONNECTION */;
/*!40101 SET NAMES utf8 */;
/*!40103 SET @OLD_TIME_ZONE=@@TIME_ZONE */;
/*!40103 SET TIME_ZONE='+00:00' */;
/*!40014 SET @OLD_UNIQUE_CHECKS=@@UNIQUE_CHECKS, UNIQUE_CHECKS=0 */;
/*!40014 SET @OLD_FOREIGN_KEY_CHECKS=@@FOREIGN_KEY_CHECKS, FOREIGN_KEY_CHECKS=0 */;
/*!40101 SET @OLD_SQL_MODE=@@SQL_MODE, SQL_MODE='NO_AUTO_VALUE_ON_ZERO' */;
/*!40111 SET @OLD_SQL_NOTES=@@SQL_NOTES, SQL_NOTES=0 */;

--
-- Table structure for table `article`
--

DROP TABLE IF EXISTS `article`;
/*!40101 SET @saved_cs_client     = @@character_set_client */;
/*!40101 SET character_set_client = utf8 */;
CREATE TABLE `article` (
  `aid` int(10) unsigned NOT NULL AUTO_INCREMENT,
  `class` enum('card','story','free') DEFAULT NULL,
  `uid` int(10) unsigned DEFAULT NULL,
  `cid` int(10) unsigned DEFAULT NULL,
  `sid` int(10) unsigned DEFAULT NULL,
  `type` enum('1','2','3','4') DEFAULT NULL,
  `label` varchar(50) DEFAULT NULL,
  `title` varchar(50) DEFAULT NULL,
  `main` text,
  `pic` text,
  `nlove` int(7) DEFAULT '0',
  `ncomment` int(7) DEFAULT '0',
  `nvisit` int(7) DEFAULT '0',
  `wtime` datetime DEFAULT NULL,
  PRIMARY KEY (`aid`),
  KEY `uid` (`uid`),
  CONSTRAINT `article_ibfk_1` FOREIGN KEY (`uid`) REFERENCES `user` (`uid`) ON DELETE CASCADE
) ENGINE=InnoDB AUTO_INCREMENT=16 DEFAULT CHARSET=utf8;
/*!40101 SET character_set_client = @saved_cs_client */;

--
-- Dumping data for table `article`
--

LOCK TABLES `article` WRITE;
/*!40000 ALTER TABLE `article` DISABLE KEYS */;
INSERT INTO `article` VALUES (1,'free',10000000,NULL,NULL,'1','感触','一个旅人','<p style=\"color:#606060;font-size:18px;font-family:&quot;\">\r\n	<em><strong>我们都是内心坚定的人，所以决定穷尽一生追逐风景。</strong></em>\r\n</p>\r\n<p style=\"color:#606060;font-size:18px;font-family:&quot;\">\r\n	<br />\r\n</p>\r\n<p style=\"color:#606060;font-size:18px;font-family:&quot;\">\r\n	大约350年前，南京是暖冬。\r\n</p>\r\n<p style=\"color:#606060;font-size:18px;font-family:&quot;\">\r\n	<br />\r\n</p>\r\n<p style=\"color:#606060;font-size:18px;font-family:&quot;\">\r\n	李日华在那天的日记里写:“入冬，连阴而暖，至是大澎雨，如春夏蒸溽时。”\r\n</p>\r\n<p style=\"color:#606060;font-size:18px;font-family:&quot;\">\r\n	<br />\r\n</p>\r\n<p style=\"color:#606060;font-size:18px;font-family:&quot;\">\r\n	曾经幼稚桀骜，以为如此热爱生活，必定无法接受它的残缺。\r\n</p>\r\n<p style=\"color:#606060;font-size:18px;font-family:&quot;\">\r\n	<br />\r\n</p>\r\n<p style=\"color:#606060;font-size:18px;font-family:&quot;\">\r\n	后来才明白，这个世界是没有尽头的。\r\n</p>\r\n<p style=\"color:#606060;font-size:18px;font-family:&quot;\">\r\n	<br />\r\n</p>\r\n<p style=\"color:#606060;font-size:18px;font-family:&quot;\">\r\n	生死不能简单和生活混为一谈。生活也不能被简化为活着。\r\n</p>\r\n<p style=\"color:#606060;font-size:18px;font-family:&quot;\">\r\n	<p style=\"color:#606060;font-size:18px;font-family:&quot;\">\r\n		那日在南京禄口机场，我说，这可能是最后一次路过这座机场。分别时送给朋友戴尼尔一本二手的英文原版《夜航西飞》。“写点什么”，他要求道，“最好是绝望的句子，我受够了不切实际的温情”。于是我在扉页上用钢笔里最后一滴墨水写下这样的句子:\r\n	</p>\r\n	<p style=\"color:#606060;font-size:18px;font-family:&quot;\">\r\n		<br />\r\n	</p>\r\n	<p style=\"color:#606060;font-size:18px;font-family:&quot;\">\r\n		We fly a little every day. We die a little as well.\r\n	</p>\r\n	<p style=\"color:#606060;font-size:18px;font-family:&quot;\">\r\n		<br />\r\n	</p>\r\n	<p style=\"color:#606060;font-size:18px;font-family:&quot;\">\r\n		我们每天飞远一点，我们每天 死掉一些。\r\n	</p>\r\n	<p style=\"color:#606060;font-size:18px;font-family:&quot;\">\r\n		<br />\r\n	</p>\r\n	<p style=\"color:#606060;font-size:18px;font-family:&quot;\">\r\n		戴尼尔看了之后说：“对，时间不多了，不要浪费。”他飞往新加坡，然后转机前往南美。我则开车回住处。\r\n	</p>\r\n	<p style=\"color:#606060;font-size:18px;font-family:&quot;\">\r\n		如今我已逐字逐句将《夜航西飞》译成中文，且中文译本也再版了精装本。 “一个理想主义者，应该听从自己的心。”戴尼尔听说以后这样回答。\r\n	</p>\r\n	<p style=\"color:#606060;font-size:18px;font-family:&quot;\">\r\n		<br />\r\n	</p>\r\n	<p style=\"color:#606060;font-size:18px;font-family:&quot;\">\r\n		那次分别一个月后，戴尼尔发简讯来，离开南美的最后一天，在布宜诺斯艾利斯的旅店里梦见我。我问：“你把书读完没有？”这么好的梦，可惜我是梦里的人，而非做梦的那个。\r\n	</p>\r\n	<p style=\"color:#606060;font-size:18px;font-family:&quot;\">\r\n		<br />\r\n	</p>\r\n	<p style=\"color:#606060;font-size:18px;font-family:&quot;\">\r\n		<br />\r\n	</p>\r\n	<p style=\"color:#606060;font-size:18px;font-family:&quot;\">\r\n		当他在平安夜登上马丘比丘的时候，我正和当时的老板唇枪舌剑谈工作，他要砍我的预算。看见戴尼尔说终于到达马丘比丘的手机短信时，想起聂鲁达长诗《马丘比丘之巅》中的句子：我看见石砌的古老建筑物镶嵌在青翠的安第斯高峰之间。激流自风雨侵蚀了几百年的城堡奔腾下泄……\r\n	</p>\r\n	<p style=\"color:#606060;font-size:18px;font-family:&quot;\">\r\n		<br />\r\n	</p>\r\n	<p style=\"color:#606060;font-size:18px;font-family:&quot;\">\r\n		终于按捺不住，发出一声叹息，合上面前的会议笔记。\r\n	</p>\r\n	<p style=\"color:#606060;font-size:18px;font-family:&quot;\">\r\n		<br />\r\n	</p>\r\n	<p style=\"color:#606060;font-size:18px;font-family:&quot;\">\r\n		老板吓到了说：“怎样？不过是预算啊。”\r\n	</p>\r\n	<p style=\"color:#606060;font-size:18px;font-family:&quot;\">\r\n		<br />\r\n	</p>\r\n	<p style=\"color:#606060;font-size:18px;font-family:&quot;\">\r\n		我把手机举给他看。 “马丘比丘？印加？！”他说，“你们这些人，就是太理想主义。” 据说在大约15世纪的时候，强盛的印加帝国选择在海拔2400米的崇山峻岭之间以巨石建造起这座雄伟的城池，不过是为了离太阳近一点。建造完这样的理想主义城市，留下许多谜语以后，他们就消失了。仿佛那个以一双蜡翅膀飞向太阳的伊卡鲁斯，在最接近的时候坠落。\r\n	</p>\r\n	<p style=\"color:#606060;font-size:18px;font-family:&quot;\">\r\n		<br />\r\n	</p>\r\n	<p style=\"color:#606060;font-size:18px;font-family:&quot;\">\r\n		<br />\r\n	</p>\r\n	<p style=\"color:#606060;font-size:18px;font-family:&quot;\">\r\n		会议结束我给戴尼尔回简讯，问他：“走那么远，累不累？”他答：“人生这么长的旅程，一走几十年，怕的不是累，是厌倦。”\r\n	</p>\r\n	<p style=\"color:#606060;font-size:18px;font-family:&quot;\">\r\n		<br />\r\n	</p>\r\n	<p style=\"color:#606060;font-size:18px;font-family:&quot;\">\r\n		不久我终于辞去了白领的工作，第一站是南太平洋。跨越季节和赤道，向戴尼尔说的那样，走得越远越好。\r\n	</p>\r\n	<p style=\"color:#606060;font-size:18px;font-family:&quot;\">\r\n		住在斐济群岛的某个小岛上时，决定尝试一直不够勇气体验的夜潜。教练在码头上检查我的装备，下水前给了我一把手电筒，没有多余的话。夜潜中途下起了暴雨，在水下只听见隐约的噼啪脆响，抬头的时候，在气泡间依旧能看见远处群山间的闪电如坏了的灯泡，明灭不定。\r\n	</p>\r\n	<p style=\"color:#606060;font-size:18px;font-family:&quot;\">\r\n		<br />\r\n	</p>\r\n	<p style=\"color:#606060;font-size:18px;font-family:&quot;\">\r\n		教练示意关上手电，我发现四周和我们一起悬浮的是萤火虫一样的浮游生物。一只很少见的粉红色海星从我肩头经过，它有透明柔软的触须。\r\n	</p>\r\n	<p style=\"color:#606060;font-size:18px;font-family:&quot;\">\r\n		<br />\r\n	</p>\r\n	<p style=\"color:#606060;font-size:18px;font-family:&quot;\">\r\n		深夜的海洋与宇宙星空如此相像。当我们向更深处沉潜，感觉就如同往宇宙进发，如同飞往太阳的伊卡鲁斯。\r\n	</p>\r\n	<p style=\"color:#606060;font-size:18px;font-family:&quot;\">\r\n		<br />\r\n	</p>\r\n	<p style=\"color:#606060;font-size:18px;font-family:&quot;\">\r\n		原来当一个理想主义的旅人，这么自由美好。\r\n	</p>\r\n	<p style=\"color:#606060;font-size:18px;font-family:&quot;\">\r\n		<br />\r\n	</p>\r\n	<p style=\"color:#606060;font-size:18px;font-family:&quot;\">\r\n		<br />\r\n	</p>\r\n	<p style=\"color:#606060;font-size:18px;font-family:&quot;\">\r\n		那次旅行的终点是塔瓦尤尼岛，我去过的，最远的地方，日期变更线在这里穿过，所以昨天今天在这里相逢。 皮肤黝黑的孩子们在山间的瀑布中嬉戏，有个小男孩从激流中探出身来，将一块黑色石子放在我手上。是黑色的火山岩，被磨去了棱角。我说： “谢谢。你很像我小时候的一个朋友。”他笑了笑，纵身回到湍流中。\r\n	</p>\r\n	<div>\r\n		<br />\r\n	</div>\r\n	<p style=\"color:#606060;font-size:18px;font-family:&quot;\">\r\n		那个邻村的男生和我同班，年纪大我三岁，是因为留级才和我同班。\r\n	</p>\r\n	<p style=\"color:#606060;font-size:18px;font-family:&quot;\">\r\n		<br />\r\n	</p>\r\n	<p style=\"color:#606060;font-size:18px;font-family:&quot;\">\r\n		他的成绩差到老师都不愿给他补习的地步，所以老师安排他和我同桌，可以随时问我怎么解数学题，怎么写作文。但他从没问过我任何问题，只是沉默地坐着。后来我把做好的作业摊开放，他也不客气，飞快地抄。抄完还是什么都不说。\r\n	</p>\r\n	<p style=\"color:#606060;font-size:18px;font-family:&quot;\">\r\n		<br />\r\n	</p>\r\n	<p style=\"color:#606060;font-size:18px;font-family:&quot;\">\r\n		一次在去外婆家玩的路上遇到他，却突然上前和我说话，问：“你有空么？”我答：“有啊，干什么？” 他想一想，很郑重地说：“我的狗死了，你陪我去埋了它吧。” 我说：“好。”\r\n	</p>\r\n	<p style=\"color:#606060;font-size:18px;font-family:&quot;\">\r\n		<br />\r\n	</p>\r\n	<p style=\"color:#606060;font-size:18px;font-family:&quot;\">\r\n		他回去抱了狗来，狗不大，可能才三四个月，常见的土狗。这只小狗一看就是只好狗，即便死了也是很乖很听话的样子。“人家的狗死了，都扔野地里。”我说。\r\n	</p>\r\n	<p style=\"color:#606060;font-size:18px;font-family:&quot;\">\r\n		<br />\r\n	</p>\r\n	<p style=\"color:#606060;font-size:18px;font-family:&quot;\">\r\n		他说：“不行。”斩钉截铁。\r\n	</p>\r\n	<p style=\"color:#606060;font-size:18px;font-family:&quot;\">\r\n		<br />\r\n	</p>\r\n	<p style=\"color:#606060;font-size:18px;font-family:&quot;\">\r\n		我在前面带路，他抱着狗跟在后面。那时候不过二年级，就算他比我大几岁也毕竟年幼，不多时就要停下来歇一歇。我就在一旁站着等，努力想要说点什么安慰的话，最后还是放弃了。\r\n	</p>\r\n	<p style=\"color:#606060;font-size:18px;font-family:&quot;\">\r\n		<br />\r\n	</p>\r\n	<p style=\"color:#606060;font-size:18px;font-family:&quot;\">\r\n		我们沿着田埂，一脚深一脚浅地走了很久。我特别想找个好点的地方，就像努力解一道算术题。他越来越吃力，满头大汗，但还是不言不语，默不作声地跟着，大概路过的那些地方他也不满意。\r\n	</p>\r\n	<p style=\"color:#606060;font-size:18px;font-family:&quot;\">\r\n		<br />\r\n	</p>\r\n	<p style=\"color:#606060;font-size:18px;font-family:&quot;\">\r\n		最后我找了片面河的斜坡，藏在芦苇丛后面，安静得只听到风吹过芦苇叶的细响还有水声。我回头看他，他点点头：“就这儿吧。”\r\n	</p>\r\n	<p style=\"color:#606060;font-size:18px;font-family:&quot;\">\r\n		<br />\r\n	</p>\r\n	<p style=\"color:#606060;font-size:18px;font-family:&quot;\">\r\n		他把小狗轻轻放在青草地上，开始挖坑。我拾了块碎瓦给他帮忙，斜坡上被切断的青草流绿色的血，血有清香味。\r\n	</p>\r\n	<p style=\"color:#606060;font-size:18px;font-family:&quot;\">\r\n		<br />\r\n	</p>\r\n	<p style=\"color:#606060;font-size:18px;font-family:&quot;\">\r\n		坑挖得很深，我将四周的青草密密铺在里面。他轻手轻脚把小狗放到坑里后，突然很担心地问：“你说会不会冷？”\r\n	</p>\r\n	<p style=\"color:#606060;font-size:18px;font-family:&quot;\">\r\n		<br />\r\n	</p>\r\n	<p style=\"color:#606060;font-size:18px;font-family:&quot;\">\r\n		我认真想一想，说：“盖上土后，应该不会。要不你再抱它一会儿吧。”\r\n	</p>\r\n	<p style=\"color:#606060;font-size:18px;font-family:&quot;\">\r\n		<br />\r\n	</p>\r\n	<p style=\"color:#606060;font-size:18px;font-family:&quot;\">\r\n		他摇了摇头开始填土，下定决心似的。\r\n	</p>\r\n	<p style=\"color:#606060;font-size:18px;font-family:&quot;\">\r\n		<br />\r\n	</p>\r\n	<p style=\"color:#606060;font-size:18px;font-family:&quot;\">\r\n		然后我们一前一后回家去。 后来他还是没和我说过话，每次考试也依旧不及格。成绩差到他家长去给他算命，算命先生说症结在名字，得改。原来他单名一个“森”，那是三个“木”叠加，我们那里说人“木”，即是骂此人“呆傻”。\r\n	</p>\r\n	<p style=\"color:#606060;font-size:18px;font-family:&quot;\">\r\n		<br />\r\n	</p>\r\n	<p style=\"color:#606060;font-size:18px;font-family:&quot;\">\r\n		但他太顽固了，改了名字后依旧故我，依旧不及格，依旧留级。再后来，他留级的次数实在太多，老师们为了保护这个珍贵的名额再不让他留级，他也终于小学毕业，到初中继续留级。我不知道那条小狗是怎么死的，也不知道他什么时候毕了业。我们再也没见面。\r\n	</p>\r\n	<p style=\"color:#606060;font-size:18px;font-family:&quot;\">\r\n		<br />\r\n	</p>\r\n	<p style=\"color:#606060;font-size:18px;font-family:&quot;\">\r\n		如今的我已像手中的这块火山岩，被时间磨平了大部分棱角，坐在岸边注视着孩子们在黄昏壮丽的日落中逆流而上。\r\n	</p>\r\n	<p style=\"color:#606060;font-size:18px;font-family:&quot;\">\r\n		<br />\r\n	</p>\r\n	<p style=\"color:#606060;font-size:18px;font-family:&quot;\">\r\n		但我坚信我那位旧同桌，他曾那么固执地保持沉默，如今一定也以自己的倔强挣脱了人世的激流，仿佛置身温暖洋流的中心那样，悠然自在地漂浮 在世界的某个角落。\r\n	</p>\r\n	<p style=\"color:#606060;font-size:18px;font-family:&quot;\">\r\n		<br />\r\n	</p>\r\n	<p style=\"color:#606060;font-size:18px;font-family:&quot;\">\r\n		经过这么多年，我终于和他踏足同一条河流。\r\n	</p>\r\n</p>','none',0,2,16,'2016-07-11 22:29:44'),(2,'free',10000000,NULL,NULL,'1','生活','用眼睛记录你','<p style=\"color:#606060;font-size:18px;font-family:&quot;\">\r\n	上个星期，出行去千岛湖放风。\r\n</p>\r\n<p style=\"color:#606060;font-size:18px;font-family:&quot;\">\r\n	约好了车，在下班的时间启程，驱车2个小时，开启自己的旅行。\r\n</p>\r\n<p style=\"color:#606060;font-size:18px;font-family:&quot;\">\r\n	&nbsp;\r\n</p>\r\n<p style=\"color:#606060;font-size:18px;font-family:&quot;\">\r\n	可能是很久都没有认真得感受生活了吧，老是忙着工作，忙着做节目，考虑每天的推送到底要做什么内容。我已经很久没有出行去远方放空了。\r\n</p>\r\n<p style=\"color:#606060;font-size:18px;font-family:&quot;\">\r\n	那天是周五，杭州的天气特别的好，云压得很低，好像近在咫尺一样。随手拍下几张，过一遍滤镜，发到听友群里，有听友说，好美。\r\n</p>\r\n<p style=\"color:#606060;font-size:18px;font-family:&quot;\">\r\n	&nbsp;\r\n</p>\r\n<p style=\"color:#606060;font-size:18px;font-family:&quot;\">\r\n	我也记不清楚我有多久没有看过这样的风景了，也许是我们都很忙碌，我们朝着我们想要的方向一直奔跑着，奔跑着，都忘记回头看看那些经过的风景了。有一点惋惜，有一点留恋。我觉得生活是需要色彩的，我们不是只知道忙碌的机器，我们更想留住那些美好的，我们经历过的瞬间，所以我们发明了照片。\r\n</p>\r\n<p style=\"color:#606060;font-size:18px;font-family:&quot;\">\r\n	&nbsp;\r\n</p>\r\n<p style=\"color:#606060;font-size:18px;font-family:&quot;\">\r\n	那天车开出杭州城的时候，刚好到了落日。我看到火烧一样的落日，映着一层层的云朵，很有层次感，就好像是一个个人挥手在跟它告别一样。我想用照片记录下来，我打开手机拍下了那些画面，却发现，原来的层次感消失了，只有远处的一片若隐若现的红光。\r\n</p>\r\n<p style=\"color:#606060;font-size:18px;font-family:&quot;\">\r\n	&nbsp;\r\n</p>\r\n<p style=\"color:#606060;font-size:18px;font-family:&quot;\">\r\n	到那一刻我才发现，原来不是所有的东西，都能用照片去记录。有人说，可能是你自己手机像素不够，我的就可以。是啊，或许是这个原因吧，但是有的时候，有了缺憾，我们才更知道要去珍惜啊。\r\n</p>\r\n<p style=\"color:#606060;font-size:18px;font-family:&quot;\">\r\n	&nbsp;\r\n</p>\r\n<p style=\"color:#606060;font-size:18px;font-family:&quot;\">\r\n	那天在车上想了很久，是不是很多事情来得越来越容易，我们反而就不珍惜了呢。\r\n</p>\r\n<p style=\"color:#606060;font-size:18px;font-family:&quot;\">\r\n	我记得小的时候家里有电脑，那个时候就趁着家里人出去，能偷偷玩一会儿，还要考虑到电脑的散热，玩一小会儿就要关掉，要把现场整理回原样，不会家里人发现。那个时候，我想玩电脑的时间，我是珍惜的吧。后来我遇到一个我很喜欢的笔记本，真的很喜欢很喜欢，但是很贵。于是我攒了很久的钱，买下了它，我甚至舍不得在上面写字你知道吗？我只想好好得收藏起来，因为我真的很喜欢。\r\n</p>\r\n<p style=\"color:#606060;font-size:18px;font-family:&quot;\">\r\n	&nbsp;\r\n</p>\r\n<p style=\"color:#606060;font-size:18px;font-family:&quot;\">\r\n	后来我长大了，我有能力挣钱，我能自己分配时间，我有自己的电脑可以用了。但是我反倒发现，我已经没有了当年的那种激动和小心翼翼了，因为这些东西对我们来说已经不珍贵了。我可以买到我喜欢的笔记本，可是我再也没有想把它收藏起来的欲望了。我可以玩一个通宵的电脑了，但一个通宵的电脑，也永远换不回我小时候那半个小时的快乐。\r\n</p>\r\n<p style=\"color:#606060;font-size:18px;font-family:&quot;\">\r\n	&nbsp;\r\n</p>\r\n<p style=\"color:#606060;font-size:18px;font-family:&quot;\">\r\n	我想，我们都是在变的吧，我们变的不一样了吧，我们想要的东西会越来越多，多到我们都不知道我们到底要什么了吧。\r\n</p>\r\n<p style=\"color:#606060;font-size:18px;font-family:&quot;\">\r\n	&nbsp;\r\n</p>\r\n<p style=\"color:#606060;font-size:18px;font-family:&quot;\">\r\n	有时候，真希望我的眼睛就是相机，能记录下所有美好的瞬间，遇到喜欢的人，想分享的时候，能立刻就读取出来。\r\n</p>\r\n<p style=\"color:#606060;font-size:18px;font-family:&quot;\">\r\n	&nbsp;\r\n</p>\r\n<p style=\"color:#606060;font-size:18px;font-family:&quot;\">\r\n	是不是我们越缺少什么，就越开始怀念什么了呢？\r\n</p>\r\n<p style=\"color:#606060;font-size:18px;font-family:&quot;\">\r\n	所以有很多人呼吁回归初心，但是初心离开了，或许就已经不会在回来了吧。\r\n</p>\r\n<p style=\"color:#606060;font-size:18px;font-family:&quot;\">\r\n	路依旧要走，我们也有很多未知的远方需要去探索，不能就此停下了脚步。但我希望，你在追逐梦想的时候，能有某一个瞬间慢下来，能记录下让你感动的每个瞬间，以及，那些，你曾经深爱的，现在却忘记的，儿时的梦。\r\n</p>','none',0,1,30,'2016-07-11 22:32:46'),(3,'free',10000003,NULL,NULL,'1','情感','对偶','<p>\r\n	<img src=\"http://pkimg.image.alimmdn.com/upload/20160711/a4f19abf5111bb00f61dc7727c880205.jpeg\" alt=\"a4f19abf5111bb00f61dc7727c880205.jpeg\" style=\"width:604px;\" />\r\n</p>\r\n<p>\r\n	<p style=\"color:#606060;font-size:18px;font-family:&quot;\">\r\n		“或许我们都还可以记得这一生对多少人口是心非过，可我们却无从得知，我们因此而错过了什么。”已然记不清是在怎样一种情绪的驱使下才写下这段话，可如今在时光的对折里似乎又一次深刻的意识到，那些以满怀心酸的离别来印证的苦痛都是我们所值得去在意的。\r\n	</p>\r\n	<p style=\"color:#606060;font-size:18px;font-family:&quot;\">\r\n		很多时候，我们在面对那个想捧在手心里守护的人时都太过小心翼翼，每一句对她说出的话都需要思量再三，似乎因为害怕言语太过锋利而刺伤了对方，可最后也不过是强忍住了所有关怀与冲动，压抑着所有欣喜与忧伤，以一种更为理性的语气来述诸内心。\r\n	</p>\r\n	<p style=\"color:#606060;font-size:18px;font-family:&quot;\">\r\n		以前也不懂为何从心为怂，现在似乎明白了点，它所想告诉我们的应该是怂于从心，因为太过在意得失，因而反倒刻意起来，从而失去了最为本真的东西。在意本该是件好事，可当它捆住了我们的手脚，缝上了我们的嘴巴时，便也同一种后天的缺陷没什么区别了吧。\r\n	</p>\r\n	<p style=\"color:#606060;font-size:18px;font-family:&quot;\">\r\n		在小说中写过太多有关情爱的道理，以为仰仗于此便可好好处理每一段感情，可结果偏偏事与愿违，正是因为太过理智，因而失去了许多本该有的感动。我们都善于站在一个旁观者的角度来看待问题，所以在自己面对时才发现那么无助。\r\n	</p>\r\n	<p style=\"color:#606060;font-size:18px;font-family:&quot;\">\r\n		在感情里很多时候我们都太过理所当然，总觉对方不会离开自己，因而过分放肆。这世上当然有很多理所当然，爱是，喜欢是，可在这背后却仍是需要花费心思去经营的吧。原谅我的笨拙，虽说没有什么错误是值得被原谅的。\r\n	</p>\r\n	<p style=\"color:#606060;font-size:18px;font-family:&quot;\">\r\n		可能在时光的罅隙里挣扎久了我们都会觉得生活一层不变，在每个清晨独自一人穿过狭长的小巷时，在迎着人们匆忙而略带倦意的神情时，在闻到街边小摊早餐散发的带有暖意的白色蒸汽时，在越过水坑追赶那一班即将靠站的公车时……才发现，你是这日复一日的生活里那一个令人欣喜的变数，却也是那一个最令人安心的定数。\r\n	</p>\r\n	<p style=\"color:#606060;font-size:18px;font-family:&quot;\">\r\n		我们都曾在心里无数次默念过对方的名字吧，都曾在每个因争执而沉默的夜里反刍自己的过错，都曾在别人问起时嘴角略带笑意……而这又何尝不是一种来自于远方的牵挂，我们心有怨怼想同对方诉说，我们心有喜事想同对方分享。\r\n	</p>\r\n	<p style=\"color:#606060;font-size:18px;font-family:&quot;\">\r\n		所有走过的街似乎都有好风景，但多数时候也只是因为心中带着你给过的最深的笑意，因而才满眼碧绿。我还没在感情里学会以你所喜欢的方式去面对每一件事，可时间终会教我如何予你温柔相待，我还有太多的棱角没能磨去，帮我，用搓衣板摧毁它。\r\n	</p>\r\n</p>','none',0,0,3,'2016-07-11 22:35:16'),(4,'free',10000003,NULL,NULL,'1','随心','几句话','<p style=\"color:#606060;font-size:18px;font-family:&quot;\">\r\n	01\r\n</p>\r\n<p style=\"color:#606060;font-size:18px;font-family:&quot;\">\r\n	抽空去看了大鱼。\r\n</p>\r\n<p style=\"color:#606060;font-size:18px;font-family:&quot;\">\r\n	口碑两极化的电影总是引起部分人的共鸣。\r\n</p>\r\n<p style=\"color:#606060;font-size:18px;font-family:&quot;\">\r\n	等到屏幕上闪着椿湫死别的那段，周遭的各位扯出纸巾抹了又抹。\r\n</p>\r\n<p style=\"color:#606060;font-size:18px;font-family:&quot;\">\r\n	感情确实是个不可捉摸的东西，譬如出骨鱼片里未净的刺，以为咽喉悉数愈合，不期又渐次作痛。\r\n</p>\r\n<p style=\"color:#606060;font-size:18px;font-family:&quot;\">\r\n	我没有类似的经历，所以没有发言权。\r\n</p>\r\n<p style=\"color:#606060;font-size:18px;font-family:&quot;\">\r\n	<br />\r\n</p>\r\n<p style=\"color:#606060;font-size:18px;font-family:&quot;\">\r\n	02\r\n</p>\r\n<p style=\"color:#606060;font-size:18px;font-family:&quot;\">\r\n	回湖塘坐了公交。\r\n</p>\r\n<p style=\"color:#606060;font-size:18px;font-family:&quot;\">\r\n	下雨天坐公交无异于慢性自杀。男女老少前推后扯，捋上袖子竞相抢占为数不多的拉环，仿佛德国法西斯行纳粹礼。等过了几站，眼见将有自己的一席之地，突然来个胖子，一如不成体统的违章建筑，让人恨的咬牙切齿。\r\n</p>\r\n<p style=\"color:#606060;font-size:18px;font-family:&quot;\">\r\n	早前老是提倡，一个国家的发展看城市。\r\n</p>\r\n<p style=\"color:#606060;font-size:18px;font-family:&quot;\">\r\n	那么这句话可以延伸一下，一个城市的发展看公交。\r\n</p>\r\n<p style=\"color:#606060;font-size:18px;font-family:&quot;\">\r\n	<br />\r\n</p>\r\n<p style=\"color:#606060;font-size:18px;font-family:&quot;\">\r\n	03\r\n</p>\r\n<p style=\"color:#606060;font-size:18px;font-family:&quot;\">\r\n	晚饭后认真听完了张嘉佳的一篇文。\r\n</p>\r\n<p style=\"color:#606060;font-size:18px;font-family:&quot;\">\r\n	故事的结局是，不明真相的男一和不明真相的女一得知真相后统统回心转意，再造佳话。\r\n</p>\r\n<p style=\"color:#606060;font-size:18px;font-family:&quot;\">\r\n	而现实往往是，主观臆断的多数，水落石出的一二。\r\n</p>\r\n<p style=\"color:#606060;font-size:18px;font-family:&quot;\">\r\n	故事毕竟是故事。\r\n</p>\r\n<p style=\"color:#606060;font-size:18px;font-family:&quot;\">\r\n	<br />\r\n</p>\r\n<hr />\r\n<p style=\"color:#606060;font-size:18px;font-family:&quot;\">\r\n	<br />\r\n</p>\r\n<p style=\"color:#606060;font-size:18px;font-family:&quot;\">\r\n	晚安。\r\n</p>\r\n<p style=\"color:#606060;font-size:18px;font-family:&quot;\">\r\n	<br />\r\n</p>\r\n<p style=\"color:#606060;font-size:18px;font-family:&quot;\">\r\n	<br />\r\n</p>\r\n<p style=\"color:#606060;font-size:18px;font-family:&quot;\">\r\n	<img src=\"http://pkimg.image.alimmdn.com/upload/20160711/ce176745e8078443606226d1a3651bc4.jpeg\" alt=\"ce176745e8078443606226d1a3651bc4.jpeg\" style=\"width:604px;\" />\r\n</p>','none',0,0,1,'2016-07-11 22:36:34'),(5,'free',10000003,NULL,NULL,'1','','无言','<p style=\"color:#606060;font-size:18px;font-family:&quot;\">\r\n	哎感觉一晚浪荡毁所有啊...\r\n</p>\r\n<p style=\"color:#606060;font-size:18px;font-family:&quot;\">\r\n	<br />\r\n</p>\r\n<p style=\"color:#606060;font-size:18px;font-family:&quot;\">\r\n	上午看书 中午午休 下午看书\r\n</p>\r\n<p style=\"color:#606060;font-size:18px;font-family:&quot;\">\r\n	一天就这么过去了\r\n</p>\r\n<p style=\"color:#606060;font-size:18px;font-family:&quot;\">\r\n	虽然很难熬 要一直坚持看下去真的好累 但也是我现在唯一能做的事\r\n</p>\r\n<p style=\"color:#606060;font-size:18px;font-family:&quot;\">\r\n	想想赶不及面试都好愁啊...\r\n</p>\r\n<p style=\"color:#606060;font-size:18px;font-family:&quot;\">\r\n	<br />\r\n</p>\r\n<p style=\"color:#606060;font-size:18px;font-family:&quot;\">\r\n	下了一整天的雨\r\n</p>\r\n<p style=\"color:#606060;font-size:18px;font-family:&quot;\">\r\n	在一整个星期罕见的爆炸式热浪袭击后来了这么一天的阴雨着实蛮清爽\r\n</p>\r\n<p style=\"color:#606060;font-size:18px;font-family:&quot;\">\r\n	也谈不上大 和南京相比真的是大巫见小巫 但已经足够了\r\n</p>\r\n<p style=\"color:#606060;font-size:18px;font-family:&quot;\">\r\n	不是淅淅沥沥的毛毛雨我就可以接受\r\n</p>\r\n<p style=\"color:#606060;font-size:18px;font-family:&quot;\">\r\n	<br />\r\n</p>\r\n<p style=\"color:#606060;font-size:18px;font-family:&quot;\">\r\n	晚上本来说歇一会儿就继续看书呢 结果一个火影忍者大赛就停不下来了...\r\n</p>\r\n<p style=\"color:#606060;font-size:18px;font-family:&quot;\">\r\n	根本停不下来啊...好多忍者因为自己没有 趁机会玩儿一玩儿也觉得很不赖嘛\r\n</p>\r\n<p style=\"color:#606060;font-size:18px;font-family:&quot;\">\r\n	不会热衷到充钱去玩 但还是能有更多选择的机会就玩一下咯\r\n</p>\r\n<p style=\"color:#606060;font-size:18px;font-family:&quot;\">\r\n	而且很鄙视那些高富帅...因为有钱买来很厉害的忍者根本打不过...不过这也算是我玩儿过的最有趣的一款手机平板游戏了吧 推荐哟~\r\n</p>\r\n<p style=\"color:#606060;font-size:18px;font-family:&quot;\">\r\n	<br />\r\n</p>\r\n<p style=\"color:#606060;font-size:18px;font-family:&quot;\">\r\n	明天有朋友组团出去玩\r\n</p>\r\n<p style=\"color:#606060;font-size:18px;font-family:&quot;\">\r\n	想想自己一方面复习要紧 另一方面也并不是很乐意 因为这次约人不知怎么好多不怎么玩儿的都给拉进了群 根本不想去了\r\n</p>\r\n<p style=\"color:#606060;font-size:18px;font-family:&quot;\">\r\n	所以还是决定晚上去和想见的人喝一杯就够\r\n</p>\r\n<p style=\"color:#606060;font-size:18px;font-family:&quot;\">\r\n	<br />\r\n</p>\r\n<p style=\"color:#606060;font-size:18px;font-family:&quot;\">\r\n	爸爸回了老家\r\n</p>\r\n<p style=\"color:#606060;font-size:18px;font-family:&quot;\">\r\n	家里就我和老虎觉得确实蛮寂寞的\r\n</p>\r\n<p style=\"color:#606060;font-size:18px;font-family:&quot;\">\r\n	平时对一切都觉得习以为常 突然缺空一下子就觉得有点慌似得\r\n</p>\r\n<p style=\"color:#606060;font-size:18px;font-family:&quot;\">\r\n	妈妈才最无聊吧 我看书 她也就能玩玩手机看看电视了\r\n</p>\r\n<p style=\"color:#606060;font-size:18px;font-family:&quot;\">\r\n	<br />\r\n</p>\r\n<p style=\"color:#606060;font-size:18px;font-family:&quot;\">\r\n	晚安 谢谢努力的自己 第一步还可以 明天继续加油咯\r\n</p>','none',0,0,0,'2016-07-11 22:43:43'),(6,'free',10000003,NULL,NULL,'1','感悟','你的生活，会塑造你的容貌与气质','<p style=\"color:#606060;font-size:18px;font-family:&quot;\">\r\n	在信义路上，有一个卖猫头鹰的人，平常他的摊子上总有七八只小猫头鹰，最多的时候摆十几只，一笼笼叠高起来，形成一个很奇异的画面。\r\n</p>\r\n<p style=\"color:#606060;font-size:18px;font-family:&quot;\">\r\n	<br />\r\n</p>\r\n<p style=\"color:#606060;font-size:18px;font-family:&quot;\">\r\n	他的生意顶不错，从每次路过时看到笼子里的猫头鹰全部换了颜色可以知道。他的猫头鹰种类既多，大小也很齐全，有的鹰很小，小到像还没有出过巢，有的很老，老到仿佛已经不能飞动。\r\n</p>\r\n<p style=\"color:#606060;font-size:18px;font-family:&quot;\">\r\n	<br />\r\n</p>\r\n<p style=\"color:#606060;font-size:18px;font-family:&quot;\">\r\n	我注意到卖鹰人是很偶然的，一年多前我带孩子散步经过，孩子拼命吵闹，想要买下一只关在笼子里的小猫头鹰。那时，卖鹰的人还在卖兔子，摊上只摆了一只猫头鹰，卖鹰者努力向我推销说：“这只鹰仔是前天才捉到的，也是我第一次来卖猫头鹰，先生，给孩子买下来吧！你看他那么喜欢。”我这才注意到眼前卖鹰的中年人，看起来非常质朴，是刚从乡下到城市谋生活的样子。\r\n</p>\r\n<p style=\"color:#606060;font-size:18px;font-family:&quot;\">\r\n	<br />\r\n</p>\r\n<p style=\"color:#606060;font-size:18px;font-family:&quot;\">\r\n	我没有给孩子买鹰，那是因为我一向反对把任何动物关在笼子里而且我对孩子说：“如果都没有人买猫头鹰，卖鹰的人以后就不会到山上去捉猫头鹰了。你看，这只鹰这么小，它的爸爸妈妈一定为找不到它在着急呢！”孩子买不成猫头鹰，央求站在前面再看一会儿，正看的时候，有人以五百元买了那只鹰，孩子哇啦一声，不舍地哭了出来。\r\n</p>\r\n<p style=\"color:#606060;font-size:18px;font-family:&quot;\">\r\n	<br />\r\n</p>\r\n<p style=\"color:#606060;font-size:18px;font-family:&quot;\">\r\n	此后我常常看见卖鹰的人，他的规模一天比一天大，到后来干脆不卖兔子，只卖猫头鹰，订价从五百五十元到一千元左右，生意好的时候，一个月卖掉几十只。我想不通他从何处搏到那么多的猫头鹰，有一次闲谈起来，才知道台湾深山里还有许多猫头鹰，他光是在坪林一带的山里一天就能捕到几只。\r\n</p>\r\n<p style=\"color:#606060;font-size:18px;font-family:&quot;\">\r\n	<br />\r\n</p>\r\n<p style=\"color:#606060;font-size:18px;font-family:&quot;\">\r\n	他说：“猫头鹰很受欢迎咧！因为它不吵，又容易驯服，生意太好了，我现在连兔子也不卖了，专卖鹰。一有空我就到山上去捉，大部分捉到还在巢中的小鹰，运气好的时候，也能捉到它们的父母……”\r\n</p>\r\n<p style=\"color:#606060;font-size:18px;font-family:&quot;\">\r\n	<br />\r\n</p>\r\n<p style=\"color:#606060;font-size:18px;font-family:&quot;\">\r\n	我劝他说：“你别捉鹰了，捉鹰的时间做别的也一样赚那么多钱。”\r\n</p>\r\n<p style=\"color:#606060;font-size:18px;font-family:&quot;\">\r\n	<br />\r\n</p>\r\n<p style=\"color:#606060;font-size:18px;font-family:&quot;\">\r\n	他说：“那不同咧！捉鹰是免本钱稳赚不赔的。”\r\n</p>\r\n<p style=\"color:#606060;font-size:18px;font-family:&quot;\">\r\n	<br />\r\n</p>\r\n<p style=\"color:#606060;font-size:18px;font-family:&quot;\">\r\n	对这样的人，我也不能再说什么了。\r\n</p>\r\n<p style=\"color:#606060;font-size:18px;font-family:&quot;\">\r\n	<br />\r\n</p>\r\n<p style=\"color:#606060;font-size:18px;font-family:&quot;\">\r\n	后来我改变散步的路线，有一年多没有见过卖猫头鹰的人。前不久我又路过那一带，再度看到卖鹰者，他还在同一个街角卖鹰，猫头鹰笼子仍然一个叠着一个。\r\n</p>\r\n<p style=\"color:#606060;font-size:18px;font-family:&quot;\">\r\n	<br />\r\n</p>\r\n<p style=\"color:#606060;font-size:18px;font-family:&quot;\">\r\n	当我看见他时，大大吃了一惊，那卖鹰者的长相与一年前我见到他时完全不同了。他的长相几乎变得和他卖的猫头鹰一样，耳朵上举、头发扬散、鹰钩鼻、眼睛大而瞳仁细小、嘴唇紧抿，身上还穿着灰色掺杂褐色的大毛衣，坐在那里就像一只大的猫头鹰，只是有着人形罢了。\r\n</p>\r\n<p style=\"color:#606060;font-size:18px;font-family:&quot;\">\r\n	<br />\r\n</p>\r\n<p style=\"color:#606060;font-size:18px;font-family:&quot;\">\r\n	短短一年多的时间，为什么使一个人的长相完全不同了呢？这巨大的变化是从何而来呢？我努力思索卖鹰者改变面貌的原因。我想到，做了很久屠夫的人，脸上的每道横肉，都长得和他杀的动物一样。而鱼市场的鱼贩子，不管怎么洗澡，毛孔里都会流出鱼的腥味。我又想到，在银行柜台数钞票很久的人，脸上的表情就像一张钞票，冷漠而势力早。在小机关当主管作威作福的人，日子久了，脸变得像一张公文，格式十分僵化，内容逢迎拍马。坐在电脑前面忘记人的品质的人，长相就你量架电脑。还有，跑社会新闻的记者，到后来，长相就如社会版上的照片……\r\n</p>\r\n<p style=\"color:#606060;font-size:18px;font-family:&quot;\">\r\n	<br />\r\n</p>\r\n<p style=\"color:#606060;font-size:18px;font-family:&quot;\">\r\n	原因是这样来的吗？或者是像电影电视上演坏人的演员，到后来就长成一脸坏相，因为他打从心里一直坏出来，到最后就无法辨认了。还有那些演色情片的演员，当她们裸裎的照片登在杂志，我们仿佛只看到一块肥腻的肉，却不见她们的心灵或面貌了。\r\n</p>\r\n<p style=\"color:#606060;font-size:18px;font-family:&quot;\">\r\n	<br />\r\n</p>\r\n<p style=\"color:#606060;font-size:18px;font-family:&quot;\">\r\n	一个人的职业、习气、心念、环境都会塑造他的长相和表情，这是人人都知道的，但像卖猫头鹰的人改变那么巨大而迅速，却仍然出乎我的预想。我的眼前闪过一串影像，卖鹰者夜里去观察鹰的巢穴，白天去捕捉，回家做鹰的陷阱，连睡梦中都想着捕鹰的方法，心心念念在鹰的身上，到后来自己长成一只猫头鹰都已经不自觉了。\r\n</p>\r\n<p style=\"color:#606060;font-size:18px;font-family:&quot;\">\r\n	<br />\r\n</p>\r\n<p style=\"color:#606060;font-size:18px;font-family:&quot;\">\r\n	我从卖鹰者的面前走过，和他打招呼，他居然完全忘记我了，就如同白天的猫头鹰，眼睛茫然失神，他只说：“先生，要不要买一只猫头鹰？山上刚捉来的。”\r\n</p>\r\n<p style=\"color:#606060;font-size:18px;font-family:&quot;\">\r\n	<br />\r\n</p>\r\n<p style=\"color:#606060;font-size:18px;font-family:&quot;\">\r\n	这使我在后来的散步里，想起了三千年前瑜伽行者的一部经典《圣博伽瓦谭》中所记载，巴拉达国王的故事。\r\n</p>\r\n<p style=\"color:#606060;font-size:18px;font-family:&quot;\">\r\n	<br />\r\n</p>\r\n<p style=\"color:#606060;font-size:18px;font-family:&quot;\">\r\n	巴拉达国王盛年的时候，弃绝了他的王后、家族和广袤的王国，到森林里去，那是他相信古印度的经典，认为人应该把中年以后的岁月用于自觉。\r\n</p>\r\n<p style=\"color:#606060;font-size:18px;font-family:&quot;\">\r\n	<br />\r\n</p>\r\n<p style=\"color:#606060;font-size:18px;font-family:&quot;\">\r\n	他在森林中过着苦行生活，仅仅食用果子和根菜植物，每日专注地冥想，忽然看到一只母鹿到河边饮水，随着又听到不远处狮子的大吼，母鹿大吃一惊，正要逃跑的时候，一只小鹿从它的子宫堕下，跌入河中的急流里，母鹿害怕得全身颤抖，在流产之后就死去了。\r\n</p>\r\n<p style=\"color:#606060;font-size:18px;font-family:&quot;\">\r\n	<br />\r\n</p>\r\n<p style=\"color:#606060;font-size:18px;font-family:&quot;\">\r\n	巴拉达眼看小鹿被冲向下游，动了恻隐之心，便从河里救起小鹿，把小鹿带在自己身边。他从此和小鹿一起睡觉，一起走路、一起洗澡、一起进食，他对待小鹿就如同对待自己的孩子，自己的心念完全系在小鹿身上。\r\n</p>\r\n<p style=\"color:#606060;font-size:18px;font-family:&quot;\">\r\n	<br />\r\n</p>\r\n<p style=\"color:#606060;font-size:18px;font-family:&quot;\">\r\n	有一天，小鹿不见了。巴拉达陷入了非常焦躁的意念里，担心着小鹿的安危就像失去了儿子一样，他完全无法冥思，因为想的都是小鹿，最后他忍不住启程去寻找小鹿。在黑暗森林里，他如痴如狂呼唤小鹿的名字，他终于不小心跌倒了，受了重伤。就在他临终的时候，小鹿突然出现在他的身边，就像爱子看着父亲一样看着他。就这样，巴拉达的心念和精神全部集中在小鹿身上，他下次醒来的时候，发现自己成为一头鹿，这已经是他的下一世了。\r\n</p>\r\n<p style=\"color:#606060;font-size:18px;font-family:&quot;\">\r\n	<br />\r\n</p>\r\n<p style=\"color:#606060;font-size:18px;font-family:&quot;\">\r\n	这是瑜伽对于意念的看法，意念不仅对容貌有着影响，巴拉达因疼爱小鹿，因而沉进了轮回的转动。那么，捕捉贩售猫头鹰的人，长相日益变成猫头鹰又什么可怪呢？\r\n</p>\r\n<p style=\"color:#606060;font-size:18px;font-family:&quot;\">\r\n	<br />\r\n</p>\r\n<p style=\"color:#606060;font-size:18px;font-family:&quot;\">\r\n	和朋友谈起猫头鹰人长相变异的故事，朋友说：“其实，变的不只是卖鹰的人，你对人的观照也改变了。卖鹰者的长相本来就那样子，只是习气与生活的濡染改变了他的神色和气质罢了。我们从前没有透过内省，不能见到他的真面目，当我们的内心清明如镜，就能从他的外貌进而进入他的神色和气质了。”\r\n</p>\r\n<p style=\"color:#606060;font-size:18px;font-family:&quot;\">\r\n	<br />\r\n</p>\r\n<p style=\"color:#606060;font-size:18px;font-family:&quot;\">\r\n	难道，我也改变了吗？\r\n</p>\r\n<p style=\"color:#606060;font-size:18px;font-family:&quot;\">\r\n	<br />\r\n</p>\r\n<p style=\"color:#606060;font-size:18px;font-family:&quot;\">\r\n	在这个世界上，我们的意念都如在森林中的小鹿，迷乱地跳跃与奔跑，这纷乱的念头固然值得担忧，总还不偏离人的道路。一旦我们的意念顺着轨道往偏邪的道路如火车开去，出发的时候好像没有什么，走远了，就难以回头了。所以，向前走的时候每天反顾一下，看看自我意念的轨道是多么重要呀！\r\n</p>\r\n<p style=\"color:#606060;font-size:18px;font-family:&quot;\">\r\n	<br />\r\n</p>\r\n<p style=\"color:#606060;font-size:18px;font-family:&quot;\">\r\n	我们不止要常常擦拭自己的心灵之镜，来照见世间的真相；也要常常照镜子，看看自己的长相与昨日的不同；更要照心灵之镜，才不会走向偏邪的道路。卖猫头鹰的人每天面对猫头鹰，就像在照镜子，我们面对自己俗恶的习气，何尝不是在照镜子呢？\r\n</p>\r\n<p style=\"color:#606060;font-size:18px;font-family:&quot;\">\r\n	<br />\r\n</p>\r\n<p style=\"color:#606060;font-size:18px;font-family:&quot;\">\r\n	想到这里，有一个人与我错身而过，我闻到栗子的芳香从他身上溢出，抬头一看，果然是天天在街角卖糖炒栗子的小贩。\r\n</p>','none',0,0,0,'2016-07-11 22:44:15'),(7,'free',10000004,NULL,NULL,'1','感悟','时光从不亏待珍惜它的人','<p style=\"color:#606060;font-size:18px;font-family:&quot;\">\r\n	你想要好成绩，\r\n</p>\r\n<p style=\"color:#606060;font-size:18px;font-family:&quot;\">\r\n	但你又希望学得轻松；\r\n</p>\r\n<p style=\"color:#606060;font-size:18px;font-family:&quot;\">\r\n	你想要富裕生活，\r\n</p>\r\n<p style=\"color:#606060;font-size:18px;font-family:&quot;\">\r\n	但又觉得打拼辛苦；\r\n</p>\r\n<p style=\"color:#606060;font-size:18px;font-family:&quot;\">\r\n	你想要健康的身体，\r\n</p>\r\n<p style=\"color:#606060;font-size:18px;font-family:&quot;\">\r\n	却管不住热爱垃圾食品的嘴巴。\r\n</p>\r\n<p style=\"color:#606060;font-size:18px;font-family:&quot;\">\r\n	其实，\r\n</p>\r\n<p style=\"color:#606060;font-size:18px;font-family:&quot;\">\r\n	你玩，你逃课，你成天上网都可以，\r\n</p>\r\n<p style=\"color:#606060;font-size:18px;font-family:&quot;\">\r\n	但便也别去抱怨成功和风光都只光顾别人。\r\n</p>\r\n<p style=\"color:#606060;font-size:18px;font-family:&quot;\">\r\n	时光从不亏待珍惜它的人，\r\n</p>\r\n<p style=\"color:#606060;font-size:18px;font-family:&quot;\">\r\n	请相信，\r\n</p>\r\n<p style=\"color:#606060;font-size:18px;font-family:&quot;\">\r\n	奇迹不过是努力的另一个名字。\r\n</p>\r\n<img src=\"http://pkimg.image.alimmdn.com/upload/20160711/55831519a2413aa4f408b33c8ea6b210.jpeg\" alt=\"55831519a2413aa4f408b33c8ea6b210.jpeg\" style=\"width:604px;\" />','none',0,0,0,'2016-07-11 22:45:31'),(8,'free',10000004,NULL,NULL,'1','情感','爱的假设','<p style=\"color:#606060;font-size:18px;font-family:&quot;\">\r\n	&nbsp;我做过一万过假设，从遇见你，到了解，到相爱，到生子，到白头。可一切还只是假设。\r\n</p>\r\n<p style=\"color:#606060;font-size:18px;font-family:&quot;\">\r\n	&nbsp; &nbsp; &nbsp;收盘之后，最大的事情莫过于打发剩下的时光，除了看球之外，似乎并没有太多选择，我本不想再写东西，可这东西似乎有瘾，总想写点什么，总想着有些万一的假设。看完欧洲杯决赛的录像，晚上实在起不来，脑袋里突然一空白，然后呢，然后我应该做什么呢，突然之间发现自己的那些习惯，就不知道跑哪里去了，有很长一段时间是期待你的下班，你下班之后就会跟我发过些文字图片，那曾经是我精神的寄托，带着爱情的幻想。我曾经不知道自己到底过怎样的生活，你成了精神的支柱一般，每天想象你的生活，我那些平淡时光便有希望。\r\n</p>\r\n<p style=\"color:#606060;font-size:18px;font-family:&quot;\">\r\n	&nbsp; &nbsp; &nbsp; &nbsp; 我假设着，一切皆有可能，就像葡萄牙30年没有胜过法国，它最终不仅战胜了法国还拿了冠军，那我们又什么不可能？我虽然经历过痛苦的异地恋，并发誓再不想经历这般的痛苦，但我还陷入对你的痴迷中不可自已。我假设我可以放下一切，飞到一个叫你的小镇，放开世俗的困扰，与你安居生子，平淡并过一生。但我却无法走出第一步。我设想着一个个旅行计划，假设有你的旅行，可，我也从来没有真实实现过。\r\n</p>\r\n<p style=\"color:#606060;font-size:18px;font-family:&quot;\">\r\n	&nbsp; &nbsp; &nbsp; &nbsp; 我假设我可以打破我的很多习惯，可我真的增添了很多的痛苦与困扰。你说，爱应该是自由的，舒适的，我也相信。它应该是这样，自然的发生。可，这些只是假设，我们只是假设它的存在，它从未在我们中间真实的存在过哪怕是一天。\r\n</p>\r\n<p style=\"color:#606060;font-size:18px;font-family:&quot;\">\r\n	&nbsp; &nbsp; &nbsp; &nbsp;我假设着你来到一个陌生的城市陪我，我甚至想到了生活中的各种可能，我能做到的一切都想去，可，那也只是假设。而这一切的假设，只是我们从未见过面，从未听一句声音。然后在那漫漫的等待中耗尽最后一点耐心与力气。这便是假设的宿命。\r\n</p>\r\n<p style=\"color:#606060;font-size:18px;font-family:&quot;\">\r\n	&nbsp; &nbsp; &nbsp; &nbsp; 一切皆有开始与结束，如同生命一样。\r\n</p>\r\n<p style=\"color:#606060;font-size:18px;font-family:&quot;\">\r\n	&nbsp; &nbsp; &nbsp; &nbsp; 我应该忘记所有的假设，爱就勇敢的表白，坚守着最后一份信仰。\r\n</p>','none',0,0,0,'2016-07-11 22:45:58'),(9,'card',10000004,6,6,'1','情感','没关系，是爱情啊','<p style=\"color:#606060;font-size:18px;font-family:&quot;\">\r\n	&nbsp;今天天气实在是太热了，我们可爱的空调君依然没有投入使用。。。论文实在是写不下去了，so 分享一个温暖的故事吧。\r\n</p>\r\n<p style=\"color:#606060;font-size:18px;font-family:&quot;\">\r\n	&nbsp;&nbsp;&nbsp;&nbsp;&nbsp; 先放一张男女主的照片好啦。<img src=\"http://pkimg.image.alimmdn.com/upload/20160711/9137273ee09622b599000e09bf1e41b1.png\" width=\"1200\" height=\"806\" alt=\"9137273ee09622b599000e09bf1e41b1.png\" style=\"width:604px;\" />\r\n</p>\r\n<p style=\"color:#606060;font-size:18px;font-family:&quot;\">\r\n	&nbsp;&nbsp;&nbsp;&nbsp;&nbsp; 孔孝真饰演的池海秀是一名出色的精神诊疗医师，赵寅成饰演的张宰烈是一位作家。海秀不是一个过目不忘的美女，宰烈也不是什么完美的高富帅。恰恰相反，他们都是精神上存在问题的人。身为精神医师的海秀有不安焦虑和关系逃避症，她没有办法在爱情中享受亲密关系。因为儿时目睹了母亲的出轨，在她潜意识里任何亲密的举动都是一种背叛和欺骗。她总是自嘲，活了一大把年纪还不能像正常人一样去谈一场恋爱，总是试图挣脱这个心理障碍的束缚，却屡试屡败。而宰烈的怪癖也没有好到哪里去，他习惯在洗手间睡觉，家里的床不过是个摆设。小的时候被继父和哥哥殴打，他便把自己脆弱无助的样子投射成了一个叫做韩江宇的少年，在他眼里，这个总是受伤的少年是真实存在的，他给江宇打电话，为他疗伤，同他一起在马路上奔跑，帮他跟喜欢的女生告白。。。他以为那是“另外的人”，其实不过是自己曾经的样子，他患上了严重的精神疾病。\r\n</p>\r\n<p style=\"color:#606060;font-size:18px;font-family:&quot;\">\r\n	<img src=\"http://pkimg.image.alimmdn.com/upload/20160711/b9db1087aeccc1d6c10f3c8813dc8d0e.png\" width=\"931\" height=\"753\" alt=\"b9db1087aeccc1d6c10f3c8813dc8d0e.png\" style=\"width:604px;\" />\r\n</p>\r\n<p style=\"color:#606060;font-size:18px;font-family:&quot;\">\r\n	&nbsp;&nbsp;&nbsp;&nbsp;&nbsp;&nbsp; 这样的两个人，只是想一想，就会觉得生活地很头疼。可是如同《二见钟情》里讲到的，“Love can only be encountered, never envisioned ”，爱只能遇见，不能预见。爱情就是很奇妙的发生了，连海秀自己都很抗拒，很懊恼，第一次可以享受拥抱和亲吻居然是跟她口中的“风流色狗”，根本是太荒谬，太离谱的事情嘛。那个时候她还不知道，对一个人的喜欢早就在她眉眼的盈盈笑意里埋下了种子，这个有点唠叨的作家告诉她，不要纠结太久，不要害怕，只要自然地迈出一步，只是试试看，有些沉积已久的东西就会改变。当宰烈把灯关掉，火机的光芒不只照亮了面庞，也照亮了海秀的心。他说，人们都认为消除千年的黑暗需要千年的时间，但是照射阳光，就像现在这样，只是一瞬间的事。就算培养了300天的爱情结束了，没关系，重新感受爱情也不过是一瞬间的事情。\r\n</p>\r\n<p style=\"color:#606060;font-size:18px;font-family:&quot;\">\r\n	<img src=\"http://pkimg.image.alimmdn.com/upload/20160711/ede0cfb0829ee28539f71a00bae49817.png\" width=\"837\" height=\"750\" alt=\"ede0cfb0829ee28539f71a00bae49817.png\" style=\"width:604px;\" />\r\n</p>\r\n<p style=\"color:#606060;font-size:18px;font-family:&quot;\">\r\n	&nbsp;&nbsp;&nbsp;&nbsp;&nbsp; 宰烈不是医生，但是他对海秀的爱解决了精神医师都无能为力的问题。而他在海秀的治疗和陪伴下，认清了自己的幻象，把曾经的胆怯和懦弱摊开来，那些伤口，那些不为人知的“有些丢脸的事情”终于可以在信任的人面前袒露出来。他勇敢的和自己的幻象告别，无论过去如何不堪，他终究长成了一个还不错的大人，有家人，有爱人，有朋友，有热爱的事业。\r\n</p>\r\n<p style=\"color:#606060;font-size:18px;font-family:&quot;\">\r\n	&nbsp;&nbsp;&nbsp;&nbsp;&nbsp; 在我看来，他们的爱情最动人的部分是彼此守护里的自我蜕变，是面对彼此缺陷时的态度。一直都相信一段感情里如果缺失了成长，那它注定是没有生机的。作为一名医师，海秀见过太多被痛苦折磨着的人，当宰烈坦承，害怕因为自身的怪癖而被笑话时，海秀说，你不过是很多遇见不可避免之事的人当中的一个，我的患者还有睡在狗窝里的人。没有同情，没有嘲笑，不过惯常。当海秀的焦虑症出现时，宰烈也只是帮她擦掉汗水，看她慢慢平复。他们带着原生家庭遗留下来的问题步入爱情，然后慢慢地信任，拥抱彼此的伤口并且用自己的方式去治愈对方。他们都清楚，在爱情里，不只有甜蜜、感动、快乐，还有痛苦、悔恨、负担，但是没有关系，因为坚信着两个人在一起可以更好而不是更糟。面对母亲的反对和质疑，海秀只是让她相信，相信作为医生的她，也相信作为女儿的她。\r\n</p>\r\n<p style=\"color:#606060;font-size:18px;font-family:&quot;\">\r\n	&nbsp;&nbsp;&nbsp;&nbsp;&nbsp; 喜欢这个故事，因为它不再苦情，不再倡导爱情里的牺牲，而是告诉你，相爱时，你一定有力量可以走向美好的一面。爱情的炙热和真诚不一定要用牺牲彼此来证明，毕竟我们相爱不是为了明日共同赴死，而是为了明日可以更幸福地活着。我们的日常没有如此的巧合，但人多多少少都是带着一点点伤痕开始新的生活，爱情奇妙的地方在于，你可能会受伤，但是总有新的疗愈的能力伸展出来。爱情有趣的地方在于你需要一点点相信，一点点冒险，毕竟它总是有模糊的地方，有看不清的界限。它不是确凿无疑的，所以才需要相信吧。\r\n</p>\r\n<p style=\"color:#606060;font-size:18px;font-family:&quot;\">\r\n	&nbsp;&nbsp;&nbsp;&nbsp;&nbsp; 舒婷在《致橡树》里说，我如果爱你，就必须是你近旁的一株木棉，作为树的形象和你站在一起。我们分担寒潮、风雷、霹雳；我们共享雾霭、流岚、虹霓。《大漠谣》里玉瑾对孟九说，我不想做丝萝，丝萝攀援着乔木而生，乔木可以为丝萝挡风遮雨，使它避免受风雨之苦，可是乔木会不会也有累的时候，或者风雨太大时，它也需要一些助力，丝萝却只能眼睁睁的看着，什么也做不了，我不想靠着乔木而生，我也要做乔木，可以帮身旁的乔木同抵风雨，共浴阳光，一起看风雨过后的彩虹。\r\n</p>\r\n<p style=\"color:#606060;font-size:18px;font-family:&quot;\">\r\n	&nbsp;&nbsp;&nbsp;&nbsp;&nbsp; 愿我们也可以遇见这样比肩而立的爱情，可以变成更好的彼此吧。\r\n</p>','none',0,0,6,'2016-07-11 22:47:19'),(10,'card',10000004,6,6,'1','','感恩但不愚孝，便是最好的家庭关系','<p style=\"color:#606060;font-size:18px;font-family:&quot;\">\r\n	天气阴晴不定，一时太阳猛烈如火，一时大雨倾盆。\r\n</p>\r\n<p style=\"color:#606060;font-size:18px;font-family:&quot;\">\r\n	生活在只有两季的城市，只能让自己学会习惯，并且感恩于有一屋可遮蔽风雨。\r\n</p>\r\n<p style=\"color:#606060;font-size:18px;font-family:&quot;\">\r\n	炎热或暴雨却不得不得出门时，也会做好准备，而不是愚蠢的一面抱怨一面忍耐。\r\n</p>\r\n<p style=\"color:#606060;font-size:18px;font-family:&quot;\">\r\n	&nbsp;\r\n</p>\r\n<p style=\"color:#606060;font-size:18px;font-family:&quot;\">\r\n	不知怎的，这天气让人联想到家庭关系。\r\n</p>\r\n<p style=\"color:#606060;font-size:18px;font-family:&quot;\">\r\n	近日，一个刚毕业的小女生问，如何与家人和平共处。\r\n</p>\r\n<p style=\"color:#606060;font-size:18px;font-family:&quot;\">\r\n	这几个字组合在一起的意思，是真的有人在跟我咨询这个我最不擅长的问题。\r\n</p>\r\n<p style=\"color:#606060;font-size:18px;font-family:&quot;\">\r\n	&nbsp;\r\n</p>\r\n<p style=\"color:#606060;font-size:18px;font-family:&quot;\">\r\n	她因为一些琐屑小事，与妈妈有些龃龉，也许是三言两语的不和，也许是妈妈没顾忌的几句重话。\r\n</p>\r\n<p style=\"color:#606060;font-size:18px;font-family:&quot;\">\r\n	对一个敏感，并且玻璃心的小姑娘来说，这确实能带来翻天覆地的难堪。\r\n</p>\r\n<p style=\"color:#606060;font-size:18px;font-family:&quot;\">\r\n	毕竟，年轻人常有这样的通病：反省着自己的弱势，又受不了别人的斥责；平常乖乖的，委屈时照样可以六亲不认。\r\n</p>\r\n<p style=\"color:#606060;font-size:18px;font-family:&quot;\">\r\n	&nbsp;\r\n</p>\r\n<p style=\"color:#606060;font-size:18px;font-family:&quot;\">\r\n	时间如果能倒带，就会看到过去我也曾是这样一个作死、又自以为长大了的小盆友。\r\n</p>\r\n<p style=\"color:#606060;font-size:18px;font-family:&quot;\">\r\n	怀着骄傲不可一世的自尊，自顾自蒙上了不被爱的阴影，只因缺少拥抱，且极度缺乏安全感。\r\n</p>\r\n<p style=\"color:#606060;font-size:18px;font-family:&quot;\">\r\n	少年人的世界，总有一种无人理解的孤独，抱着阴影长成弯脖子树的大有人在。\r\n</p>\r\n<p style=\"color:#606060;font-size:18px;font-family:&quot;\">\r\n	&nbsp;\r\n</p>\r\n<p style=\"color:#606060;font-size:18px;font-family:&quot;\">\r\n	可是岁月愈长，哪怕还没有作为母亲来思考的机会，也能渐渐体会到不同的相处之道。\r\n</p>\r\n<p style=\"color:#606060;font-size:18px;font-family:&quot;\">\r\n	比如，与家人在一起很难讲清道理，从前他们不能理解你的，以后也许永远理解不了。\r\n</p>\r\n<p style=\"color:#606060;font-size:18px;font-family:&quot;\">\r\n	更不要期望他们能按你需要的方式来爱你，毕竟每个人的需求都变化莫测，又怎能要求父母接受甚至改变。\r\n</p>\r\n<p style=\"color:#606060;font-size:18px;font-family:&quot;\">\r\n	&nbsp;\r\n</p>\r\n<p style=\"color:#606060;font-size:18px;font-family:&quot;\">\r\n	但这些并不妨碍他们对你好，也丝毫不影响他们对你的爱。\r\n</p>\r\n<p style=\"color:#606060;font-size:18px;font-family:&quot;\">\r\n	珍惜眼前的温柔以待，用来取暖未来可能会有的失望时刻。\r\n</p>\r\n<p style=\"color:#606060;font-size:18px;font-family:&quot;\">\r\n	只是你一定要知道，父母的爱，我们要付出代价；父母的好，我们要加倍回报。\r\n</p>\r\n<p style=\"color:#606060;font-size:18px;font-family:&quot;\">\r\n	&nbsp;\r\n</p>\r\n<p style=\"color:#606060;font-size:18px;font-family:&quot;\">\r\n	不想靠父母，就必须学会照顾自己；不想受委屈，就务必有一份稳定收入。\r\n</p>\r\n<p style=\"color:#606060;font-size:18px;font-family:&quot;\">\r\n	金钱是最好的话语权，有了它，除了爱，你很快就能摆脱他们的其他桎梏。\r\n</p>\r\n<p style=\"color:#606060;font-size:18px;font-family:&quot;\">\r\n	物质是可怕的，稍不留神便能俘虏人心，但也只有它才能彻底保证你不想做某件事时，有坚持任性、坚持说不的能力。\r\n</p>\r\n<p style=\"color:#606060;font-size:18px;font-family:&quot;\">\r\n	&nbsp;\r\n</p>\r\n<p style=\"color:#606060;font-size:18px;font-family:&quot;\">\r\n	与父母斗法二十来年，各有胜负，但两败俱伤的次数更多。\r\n</p>\r\n<p style=\"color:#606060;font-size:18px;font-family:&quot;\">\r\n	直到有次看到一句电影台词，世上没有不好面子的人，我才懂得给父母多一点面子，就能避免很多问题。\r\n</p>\r\n<p style=\"color:#606060;font-size:18px;font-family:&quot;\">\r\n	无论人前人后，他们若能感受到你带着矜持的尊重，相对也会适当接受那些你很坚定的原则。\r\n</p>\r\n<p style=\"color:#606060;font-size:18px;font-family:&quot;\">\r\n	&nbsp;\r\n</p>\r\n<p style=\"color:#606060;font-size:18px;font-family:&quot;\">\r\n	其实，做个一点就燃的火药桶，在即将争吵时冒一点耍赖的笑，真的能缓和关系。\r\n</p>\r\n<p style=\"color:#606060;font-size:18px;font-family:&quot;\">\r\n	以前总觉得谁先降低声音、谁先发笑、谁先示好，便是丢盔弃甲的认输，既丢脸又觉得沮丧。\r\n</p>\r\n<p style=\"color:#606060;font-size:18px;font-family:&quot;\">\r\n	但就结果而言，跟父母吵架大获全胜也很难开心起来吧，所以不如厚脸皮一点，笑给他们看好了。\r\n</p>\r\n<p style=\"color:#606060;font-size:18px;font-family:&quot;\">\r\n	&nbsp;\r\n</p>\r\n<p style=\"color:#606060;font-size:18px;font-family:&quot;\">\r\n	如果吵架已经无法避免，也一定要记住，吵完了不要马上跟任何人倾诉。\r\n</p>\r\n<p style=\"color:#606060;font-size:18px;font-family:&quot;\">\r\n	这时委屈难受的你，可能会彻底放大自己的情绪，无论是朋友还是爱人，如果你多次在自己情绪失控时，对他们吐槽自己的父母家人，很容易扭曲你的本意。\r\n</p>\r\n<p style=\"color:#606060;font-size:18px;font-family:&quot;\">\r\n	最后，不仅会给他们留下你很爱抱怨的印象，还可能会给你的父母戴上一顶夸张的坏人帽。这样得不偿失的行为，一定要学会控制自己不要有。\r\n</p>\r\n<p style=\"color:#606060;font-size:18px;font-family:&quot;\">\r\n	&nbsp;\r\n</p>\r\n<p style=\"color:#606060;font-size:18px;font-family:&quot;\">\r\n	许多时候，跟他们闹一次其实没你想的那么要死要活受不了的。\r\n</p>\r\n<p style=\"color:#606060;font-size:18px;font-family:&quot;\">\r\n	任何事情都能被时间打败，我们统统不是它的对手。这是生而为人最大的特异功能，所以在沮丧时学会换位思考，用积极的态度面对，可以使你变得更加沉稳。\r\n</p>\r\n<p style=\"color:#606060;font-size:18px;font-family:&quot;\">\r\n	张德芬在《遇见未知的自己》中说，同一件事，只要扭转了你面对它的信念，便能收获截然不同的结果。\r\n</p>\r\n<p style=\"color:#606060;font-size:18px;font-family:&quot;\">\r\n	&nbsp;\r\n</p>\r\n<p style=\"color:#606060;font-size:18px;font-family:&quot;\">\r\n	没有谁的矫情和偏执与生俱来，毕竟罗马不是一日建成，现实中的矛盾也是纷沓至来。\r\n</p>\r\n<p style=\"color:#606060;font-size:18px;font-family:&quot;\">\r\n	它们既彼此独立又相互关系，在你反省时觉得自己已经意识到问题，提醒甚至赌咒发誓以后再也不犯了，你以为这样下次就能解决问题吗。\r\n</p>\r\n<p style=\"color:#606060;font-size:18px;font-family:&quot;\">\r\n	NO！在一番自我批评后，任何监督你改正的人，如果被视作挑衅者，那你的不屑和不接受便无所遁形。你的公主/王子病加妄想症，只有“自控”这一味药管用。\r\n</p>\r\n<p style=\"color:#606060;font-size:18px;font-family:&quot;\">\r\n	&nbsp;\r\n</p>\r\n<p style=\"color:#606060;font-size:18px;font-family:&quot;\">\r\n	有人说，坚持吧，坚持可能比改变更容易一点。\r\n</p>\r\n<p style=\"color:#606060;font-size:18px;font-family:&quot;\">\r\n	我想说，如果能做到长久坚持，改变自然而然就会发生。\r\n</p>\r\n<p style=\"color:#606060;font-size:18px;font-family:&quot;\">\r\n	一切才刚刚开始，何不试试与父母，平常处之。\r\n</p>\r\n<p style=\"color:#606060;font-size:18px;font-family:&quot;\">\r\n	&nbsp;\r\n</p>\r\n<p style=\"color:#606060;font-size:18px;font-family:&quot;\">\r\n	比如说，买点他们爱吃的东西，把价格说低一点儿；用心给他们做顿饭，饭后陪他们散步消食……\r\n</p>\r\n<p style=\"color:#606060;font-size:18px;font-family:&quot;\">\r\n	比如说，把玩手机的时间，用来听他们啰嗦指导你的工作；把约会的时间，留一点给他们念叨你的对象或者没对象……\r\n</p>\r\n<p style=\"color:#606060;font-size:18px;font-family:&quot;\">\r\n	总而言之，你一定要学会感恩父母，让他们的脸上多一些笑容和满足；但绝不要做个事事听从的愚蠢孝子，他们还要长命百岁，你这么憋着自己会痛苦终生的。\r\n</p>\r\n<p style=\"color:#606060;font-size:18px;font-family:&quot;\">\r\n	&nbsp;\r\n</p>\r\n<p style=\"color:#606060;font-size:18px;font-family:&quot;\">\r\n	祝愿天下父母健康安稳，且能温和明理，虽然这很难。\r\n</p>\r\n<p style=\"color:#606060;font-size:18px;font-family:&quot;\">\r\n	&nbsp;\r\n</p>\r\n<p style=\"color:#606060;font-size:18px;font-family:&quot;\">\r\n	刀姒。\r\n</p>\r\n<p style=\"color:#606060;font-size:18px;font-family:&quot;\">\r\n	2016.06.22\r\n</p>\r\n<p style=\"color:#606060;font-size:18px;font-family:&quot;\">\r\n	&nbsp;\r\n</p>\r\n<p style=\"color:#606060;font-size:18px;font-family:&quot;\">\r\n	作者介绍：\r\n</p>\r\n<p style=\"color:#606060;font-size:18px;font-family:&quot;\">\r\n	刀姒。\r\n</p>\r\n<p style=\"color:#606060;font-size:18px;font-family:&quot;\">\r\n	一只丢三落四的大白羊\r\n</p>\r\n<p style=\"color:#606060;font-size:18px;font-family:&quot;\">\r\n	微信公众号：大盆友刀姒\r\n</p>\r\n<p style=\"color:#606060;font-size:18px;font-family:&quot;\">\r\n	微博号：食神大人丶四小姐\r\n</p>\r\n<p style=\"color:#606060;font-size:18px;font-family:&quot;\">\r\n	说故事的人，喜欢有故事的人。\r\n</p>','none',0,0,3,'2016-07-11 22:47:47'),(11,'card',10000004,6,6,'1','岁月','每个人都是一条鱼','<p style=\"color:#606060;font-size:18px;font-family:&quot;\">\r\n	我们都是不会游泳的鱼\r\n</p>\r\n<p style=\"color:#606060;font-size:18px;font-family:&quot;\">\r\n	记忆每隔七秒就会死去\r\n</p>\r\n<p style=\"color:#606060;font-size:18px;font-family:&quot;\">\r\n	&nbsp;\r\n</p>\r\n<p style=\"color:#606060;font-size:18px;font-family:&quot;\">\r\n	我们都是不停游泳的鱼\r\n</p>\r\n<p style=\"color:#606060;font-size:18px;font-family:&quot;\">\r\n	远离污浊的空气\r\n</p>\r\n<p style=\"color:#606060;font-size:18px;font-family:&quot;\">\r\n	躲进肮脏的海里\r\n</p>\r\n<p style=\"color:#606060;font-size:18px;font-family:&quot;\">\r\n	享受轮回带来的恐惧\r\n</p>\r\n<p style=\"color:#606060;font-size:18px;font-family:&quot;\">\r\n	害怕自由给予的乐趣\r\n</p>\r\n<p style=\"color:#606060;font-size:18px;font-family:&quot;\">\r\n	每个面孔都是都会变得陌生\r\n</p>\r\n<p style=\"color:#606060;font-size:18px;font-family:&quot;\">\r\n	每段过往都无法成为回忆\r\n</p>\r\n<p style=\"color:#606060;font-size:18px;font-family:&quot;\">\r\n	&nbsp;\r\n</p>\r\n<p style=\"color:#606060;font-size:18px;font-family:&quot;\">\r\n	我们都是不愿游泳的鱼\r\n</p>\r\n<p style=\"color:#606060;font-size:18px;font-family:&quot;\">\r\n	渐渐褪去布满细菌的逆鳞\r\n</p>\r\n<p style=\"color:#606060;font-size:18px;font-family:&quot;\">\r\n	用气囊对抗地心引力\r\n</p>\r\n<p style=\"color:#606060;font-size:18px;font-family:&quot;\">\r\n	用无法运行的大脑思考\r\n</p>\r\n<p style=\"color:#606060;font-size:18px;font-family:&quot;\">\r\n	用无人理解的鳃部呼吸\r\n</p>\r\n<p style=\"color:#606060;font-size:18px;font-family:&quot;\">\r\n	用解剖也找不到的心脏装下天地\r\n</p>\r\n<p style=\"color:#606060;font-size:18px;font-family:&quot;\">\r\n	对着螃蟹诉说命运\r\n</p>\r\n<p style=\"color:#606060;font-size:18px;font-family:&quot;\">\r\n	跟着漩涡四处流离\r\n</p>\r\n<p style=\"color:#606060;font-size:18px;font-family:&quot;\">\r\n	所有的乐趣就是泡沫\r\n</p>\r\n<p style=\"color:#606060;font-size:18px;font-family:&quot;\">\r\n	嗅到死水里都是精卵的气息\r\n</p>\r\n<p style=\"color:#606060;font-size:18px;font-family:&quot;\">\r\n	想像时间的时候没有四季\r\n</p>\r\n<p style=\"color:#606060;font-size:18px;font-family:&quot;\">\r\n	想像空间的时候无家可依\r\n</p>\r\n<p style=\"color:#606060;font-size:18px;font-family:&quot;\">\r\n	&nbsp;\r\n</p>\r\n<p style=\"color:#606060;font-size:18px;font-family:&quot;\">\r\n	只好用一生的时间来想像你\r\n</p>\r\n<p style=\"color:#606060;font-size:18px;font-family:&quot;\">\r\n	只能用七秒的时间来想念你\r\n</p>','none',0,0,16,'2016-07-11 22:48:10'),(12,'free',10000005,NULL,NULL,'1','','一个人在苏州','<p style=\"color:#606060;font-size:18px;font-family:&quot;\">\r\n	为什么要生，世界非任何人想象\r\n</p>\r\n<p style=\"color:#606060;font-size:18px;font-family:&quot;\">\r\n	没有哪一场春风不在来时的路上回头\r\n</p>\r\n<p style=\"color:#606060;font-size:18px;font-family:&quot;\">\r\n	&nbsp;\r\n</p>\r\n<p style=\"color:#606060;font-size:18px;font-family:&quot;\">\r\n	为什么要长，掌纹再怎么用力也搓不掉\r\n</p>\r\n<p style=\"color:#606060;font-size:18px;font-family:&quot;\">\r\n	骨节里的孤愤抽芽得让行走生疼\r\n</p>\r\n<p style=\"color:#606060;font-size:18px;font-family:&quot;\">\r\n	&nbsp;\r\n</p>\r\n<p style=\"color:#606060;font-size:18px;font-family:&quot;\">\r\n	为什么要爱，自私者得无私者失去\r\n</p>\r\n<p style=\"color:#606060;font-size:18px;font-family:&quot;\">\r\n	一根带泪的稻草压弯千锤百炼的脊梁\r\n</p>\r\n<p style=\"color:#606060;font-size:18px;font-family:&quot;\">\r\n	&nbsp;\r\n</p>\r\n<p style=\"color:#606060;font-size:18px;font-family:&quot;\">\r\n	为什么要思，上帝在教堂之外仍或不在\r\n</p>\r\n<p style=\"color:#606060;font-size:18px;font-family:&quot;\">\r\n	光明的河很长，黑暗的堤很广\r\n</p>\r\n<p style=\"color:#606060;font-size:18px;font-family:&quot;\">\r\n	&nbsp;\r\n</p>\r\n<p style=\"color:#606060;font-size:18px;font-family:&quot;\">\r\n	为什么要老，力量失去的时候尊敬也失去\r\n</p>\r\n<p style=\"color:#606060;font-size:18px;font-family:&quot;\">\r\n	往事在轮椅上相遇，无言地点头致意\r\n</p>\r\n<p style=\"color:#606060;font-size:18px;font-family:&quot;\">\r\n	&nbsp;\r\n</p>\r\n<p style=\"color:#606060;font-size:18px;font-family:&quot;\">\r\n	为什么要死，殡仪馆出来的人转身进了咖啡馆\r\n</p>\r\n<p style=\"color:#606060;font-size:18px;font-family:&quot;\">\r\n	孙辈以后都不记得墓地与名字\r\n</p>\r\n<p style=\"color:#606060;font-size:18px;font-family:&quot;\">\r\n	&nbsp;\r\n</p>\r\n<p style=\"color:#606060;font-size:18px;font-family:&quot;\">\r\n	为什么要轮回，从前世继承下乡愁\r\n</p>\r\n<p style=\"color:#606060;font-size:18px;font-family:&quot;\">\r\n	为什么要涅槃，在高处心疼地怅望人间\r\n</p>','none',0,0,3,'2016-07-11 22:49:16'),(13,'free',10000005,NULL,NULL,'1','','大鱼海棠-深情即悲剧','<p style=\"color:#606060;font-size:18px;font-family:&quot;\">\r\n	大鱼海棠》一梦十二年，终于在这个七月把这个梦呈现在大家面前。带着神秘气息的红色铺陈了一整个电影。少女椿，少年湫，大鱼还有土楼和灯笼，都因为这种神秘的色彩变得似梦非梦。画面无可挑剔，视觉效果也可圈可点。最让我惊喜的是，这部动画电影成功塑造出一个让人喜欢而又心痛的角色。《大鱼海棠》中的少年——湫。\r\n</p>\r\n<p style=\"color:#606060;font-size:18px;font-family:&quot;\">\r\n	<br />\r\n</p>\r\n<p style=\"color:#606060;font-size:18px;font-family:&quot;\">\r\n	<img src=\"http://pkimg.image.alimmdn.com/upload/20160711/9216cd892322998b613bc6fa19716825.jpeg\" alt=\"9216cd892322998b613bc6fa19716825.jpeg\" style=\"width:604px;\" />\r\n</p>\r\n<p style=\"color:#606060;font-size:18px;font-family:&quot;\">\r\n	<br />\r\n在我看来《大鱼海棠》的男一号并不是鲲，而是湫。这个清瘦骨骼，银发明眸的少年，是最有血有肉的一个角色，从湫开始的顽劣调皮，到他为了椿变得有担当愿意牺牲，一条故事线下来，他也随之产生了成长。湫陪伴着少女椿的成长，他的调皮，嬉闹，捉弄都是想让椿多看他一眼。<br />\r\n椿为追求幸福付出一切，而湫为了椿的幸福付出一切，却承受了所有的痛苦，包括椿的那一份，幸福和痛苦是对立的，但追求幸福是建立在痛苦之上。正如彩蛋结尾“上古有大椿者，以八千岁为春，八千岁为秋。”春秋不可能相聚，正如椿和湫不可能在一起，椿为阳，即为生命，湫为阴，即为死亡，椿湫即阴阳，阴阳也不可能相互融合，所以椿湫只能相隔于两个世界，掌控世界的运行。鲲作为连接两个世界的媒介，承担着将椿带离湫的身边，离开湫所在的世界，并使椿幸福的责任，而湫只能承担一切的痛苦，为了椿幸福。\r\n</p>\r\n<p style=\"color:#606060;font-size:18px;font-family:&quot;\">\r\n	正有一段：湫为了忘记痛苦，只能买酒，而不是孟婆汤，喝的烂醉如泥。狂暴的山洪冲破山谷，携着狂风的呼啸在湫的面前翻腾奔腾，他张开双臂，面对深渊狂叫“啊——”仿佛要把自己的痛苦和烦恼都拖进深渊，“你以为你接受的是谁的爱？你接受的是一个天神的爱！他将背叛所有的神灵去爱你！为你忍受一切痛苦！以此带给你全部快乐！”\r\n</p>\r\n<p style=\"color:#606060;font-size:18px;font-family:&quot;\">\r\n	<br />\r\n</p>\r\n<p style=\"color:#606060;font-size:18px;font-family:&quot;\">\r\n	为了心爱的少女，湫拼尽全力成全她送鲲回到人间的心愿，在历尽劫难之后，奋身一跃，却神情轻松地告诉心爱的少女，去和你喜欢的人生活在一起吧，我会化作人间的风雨，陪在你身边。电影结尾，湫温柔地说完这句话，我在黑暗的电影院中哭的不能自已。被紧紧攥住的心口，仿佛大坝在洪流的冲击下终于崩溃。\r\n</p>\r\n<p style=\"color:#606060;font-size:18px;font-family:&quot;\">\r\n	<br />\r\n</p>\r\n<p style=\"color:#606060;font-size:18px;font-family:&quot;\">\r\n	人生八苦，生,老,病,死,爱别离,怨长久,求不得,放不下。湫诠释了一个求不得，放不下的形象。求不得，就连最后也没能拥抱椿一下。放不下，就算牺牲了自己，也要变成温柔的风雨，默默地陪伴在椿的身边。<br />\r\n&nbsp;<br />\r\n陈奕迅献唱的主题曲《在这个世界相遇》里有句歌词，<br />\r\n你是否已化作风雨<br />\r\n穿越时光来到这里<br />\r\n秋去春来 海棠花开<br />\r\n你在梦里我不愿醒来<br />\r\n最后湫为了椿把灵魂交换给灵婆的故事，是他拿自己的寿命换回了椿。\r\n</p>\r\n<p style=\"color:#606060;font-size:18px;font-family:&quot;\">\r\n	<br />\r\n</p>\r\n<p style=\"color:#606060;font-size:18px;font-family:&quot;\">\r\n	我想灵婆即为上一代天神之子，即为上一代“湫”。最后灵婆要湫继位他的位置，想必就是这个原因，正如灵婆告诉椿自己所经历的痛苦，而宿命必须让椿和鲲的灵魂生命连接在一起，即离开这个世界的媒介，所以椿将自己的剩余的灵魂给灵婆，灵婆把她的灵魂包丢进了一个大的灵魂包中，那包中必然是无数椿的灵魂。这样说，鲲、椿、湫已经经历了无数的轮回，幸福和痛苦不断交替，阴阳不断交融又分离，鲲、椿、湫，也许就是这三个人的宿命。\r\n</p>\r\n<p style=\"color:#606060;font-size:18px;font-family:&quot;\">\r\n	<img src=\"http://pkimg.image.alimmdn.com/upload/20160711/ef1f606ebcae6ef2c2d874f4649d5b26.jpeg\" alt=\"ef1f606ebcae6ef2c2d874f4649d5b26.jpeg\" style=\"width:604px;\" />\r\n</p>','none',0,0,8,'2016-07-11 22:49:39'),(14,'story',10000000,7,7,'1','','治牙华大夫','可是他单身。','none',0,1,14,'2016-07-11 23:12:06'),(15,'story',10000006,7,7,'1','','雨夜的大夫','华大夫很少言语，只是专注于手中的活儿。','none',0,0,0,'2016-07-15 21:39:50');
/*!40000 ALTER TABLE `article` ENABLE KEYS */;
UNLOCK TABLES;

--
-- Table structure for table `card`
--

DROP TABLE IF EXISTS `card`;
/*!40101 SET @saved_cs_client     = @@character_set_client */;
/*!40101 SET character_set_client = utf8 */;
CREATE TABLE `card` (
  `cid` int(10) unsigned NOT NULL AUTO_INCREMENT,
  `porder` int(7) DEFAULT '0',
  `pic` varchar(50) DEFAULT NULL,
  `fid` int(10) unsigned DEFAULT NULL,
  `main` varchar(50) DEFAULT NULL,
  PRIMARY KEY (`cid`),
  KEY `fid` (`fid`),
  CONSTRAINT `card_ibfk_1` FOREIGN KEY (`fid`) REFERENCES `user` (`uid`) ON DELETE SET NULL
) ENGINE=InnoDB AUTO_INCREMENT=16 DEFAULT CHARSET=utf8;
/*!40101 SET character_set_client = @saved_cs_client */;

--
-- Dumping data for table `card`
--

LOCK TABLES `card` WRITE;
/*!40000 ALTER TABLE `card` DISABLE KEYS */;
INSERT INTO `card` VALUES (1,1,'1.jpg',10000000,'灵感'),(2,2,'2.jpg',10000000,'天上人间'),(3,3,'default.jpg',10000000,'若只如初见'),(4,4,'4.jpg',10000000,'我不是一定要你回来'),(5,5,'5.jpg',10000000,'细水长流'),(6,6,'6.jpg',10000000,'相逢待何年'),(7,7,'default.jpg',10000000,'旧梦不须记'),(8,8,'8.jpg',10000000,'地久天长'),(9,9,'9.jpg',10000000,'静若无物'),(10,10,'10.jpg',10000000,'伟大和平庸'),(11,0,'default.jpg',10000000,'梦一场'),(12,0,'12.jpg',10000000,'唱歌的少年'),(13,11,'13.jpg',10000000,'天真无邪'),(14,0,'14.jpg',10000000,'想你'),(15,0,'default.jpg',10000000,'我们上来就是孤独');
/*!40000 ALTER TABLE `card` ENABLE KEYS */;
UNLOCK TABLES;

--
-- Table structure for table `collection`
--

DROP TABLE IF EXISTS `collection`;
/*!40101 SET @saved_cs_client     = @@character_set_client */;
/*!40101 SET character_set_client = utf8 */;
CREATE TABLE `collection` (
  `uid` int(10) unsigned DEFAULT NULL,
  `aid` int(10) unsigned DEFAULT NULL,
  KEY `uid` (`uid`),
  KEY `aid` (`aid`),
  CONSTRAINT `collection_ibfk_1` FOREIGN KEY (`uid`) REFERENCES `user` (`uid`) ON DELETE CASCADE,
  CONSTRAINT `collection_ibfk_2` FOREIGN KEY (`aid`) REFERENCES `article` (`aid`) ON DELETE CASCADE
) ENGINE=InnoDB DEFAULT CHARSET=utf8;
/*!40101 SET character_set_client = @saved_cs_client */;

--
-- Dumping data for table `collection`
--

LOCK TABLES `collection` WRITE;
/*!40000 ALTER TABLE `collection` DISABLE KEYS */;
/*!40000 ALTER TABLE `collection` ENABLE KEYS */;
UNLOCK TABLES;

--
-- Table structure for table `comment`
--

DROP TABLE IF EXISTS `comment`;
/*!40101 SET @saved_cs_client     = @@character_set_client */;
/*!40101 SET character_set_client = utf8 */;
CREATE TABLE `comment` (
  `cid` int(10) unsigned NOT NULL AUTO_INCREMENT,
  `aid` int(10) unsigned DEFAULT NULL,
  `uid` int(10) unsigned DEFAULT NULL,
  `touid` int(10) unsigned DEFAULT NULL,
  `main` text,
  `wtime` datetime DEFAULT NULL,
  PRIMARY KEY (`cid`),
  KEY `aid` (`aid`),
  KEY `uid` (`uid`),
  KEY `touid` (`touid`),
  CONSTRAINT `comment_ibfk_1` FOREIGN KEY (`aid`) REFERENCES `article` (`aid`) ON DELETE CASCADE,
  CONSTRAINT `comment_ibfk_2` FOREIGN KEY (`uid`) REFERENCES `user` (`uid`) ON DELETE SET NULL,
  CONSTRAINT `comment_ibfk_3` FOREIGN KEY (`touid`) REFERENCES `user` (`uid`) ON DELETE SET NULL
) ENGINE=InnoDB AUTO_INCREMENT=5 DEFAULT CHARSET=utf8;
/*!40101 SET character_set_client = @saved_cs_client */;

--
-- Dumping data for table `comment`
--

LOCK TABLES `comment` WRITE;
/*!40000 ALTER TABLE `comment` DISABLE KEYS */;
INSERT INTO `comment` VALUES (1,2,10000000,10000000,'我想，我们都是在变的吧，我们变的不一样了吧，我们想要的东西会越来越多，多到我们都不知道我们到底要什么了吧。','2016-07-11 23:18:14'),(2,1,10000000,10000000,'这个世界没有尽头。我们都是内心坚定的人，所以决定穷尽一生追逐风景。','2016-07-11 23:18:54'),(3,14,10000002,10000000,'我也单身','2016-07-11 23:28:17'),(4,1,10000002,10000000,'不错不错','2016-07-12 23:36:20');
/*!40000 ALTER TABLE `comment` ENABLE KEYS */;
UNLOCK TABLES;

--
-- Table structure for table `focus`
--

DROP TABLE IF EXISTS `focus`;
/*!40101 SET @saved_cs_client     = @@character_set_client */;
/*!40101 SET character_set_client = utf8 */;
CREATE TABLE `focus` (
  `fid` int(10) unsigned NOT NULL DEFAULT '0',
  `bfid` int(10) unsigned NOT NULL DEFAULT '0',
  PRIMARY KEY (`fid`,`bfid`),
  KEY `bfid` (`bfid`),
  CONSTRAINT `focus_ibfk_1` FOREIGN KEY (`fid`) REFERENCES `user` (`uid`) ON DELETE CASCADE,
  CONSTRAINT `focus_ibfk_2` FOREIGN KEY (`bfid`) REFERENCES `user` (`uid`) ON DELETE CASCADE
) ENGINE=InnoDB DEFAULT CHARSET=utf8;
/*!40101 SET character_set_client = @saved_cs_client */;

--
-- Dumping data for table `focus`
--

LOCK TABLES `focus` WRITE;
/*!40000 ALTER TABLE `focus` DISABLE KEYS */;
INSERT INTO `focus` VALUES (10000002,10000000),(10000005,10000000),(10000007,10000000),(10000002,10000001),(10000004,10000001),(10000004,10000002),(10000000,10000003),(10000004,10000003),(10000005,10000004),(10000000,10000005),(10000002,10000005),(10000007,10000005),(10000000,10000007),(10000006,10000008),(10000000,10000009),(10000007,10000009),(10000010,10000009);
/*!40000 ALTER TABLE `focus` ENABLE KEYS */;
UNLOCK TABLES;

--
-- Table structure for table `story`
--

DROP TABLE IF EXISTS `story`;
/*!40101 SET @saved_cs_client     = @@character_set_client */;
/*!40101 SET character_set_client = utf8 */;
CREATE TABLE `story` (
  `sid` int(10) unsigned NOT NULL AUTO_INCREMENT,
  `porder` int(7) DEFAULT '0',
  `pic` varchar(50) DEFAULT NULL,
  `fid` int(10) unsigned DEFAULT NULL,
  `title` varchar(50) DEFAULT NULL,
  `main` text,
  PRIMARY KEY (`sid`),
  KEY `fid` (`fid`),
  CONSTRAINT `story_ibfk_1` FOREIGN KEY (`fid`) REFERENCES `user` (`uid`) ON DELETE SET NULL
) ENGINE=InnoDB AUTO_INCREMENT=13 DEFAULT CHARSET=utf8;
/*!40101 SET character_set_client = @saved_cs_client */;

--
-- Dumping data for table `story`
--

LOCK TABLES `story` WRITE;
/*!40000 ALTER TABLE `story` DISABLE KEYS */;
INSERT INTO `story` VALUES (2,1,'2.jpg',10000002,'英雄救美','“这是怎么回事？”振南看着脸色青肿的李旺，再看看李旺旁边，那个姿色还算不错的女人。王振南觉得，李旺这家伙怎么看都不会像是有勇气英雄救美的人吧？'),(3,2,'3.jpg',10000002,'欲望','最后王宇还是走进了那个原本不该他待的地方----牢房，一切的一切都是欲望所致，该是自己的就是自己的，一切随缘吧。'),(4,3,'4.jpg',10000002,'老铁','洪峰电视机厂修理部的老铁，是个三十多年的老会计，为人精明，人称铁算盘。不管多少钱，到了他手里，经他七算八算，总会多出几个零头来。'),(5,4,'5.jpg',10000002,'归乡','秋高气爽，这词语形容秋天，确实很恰当。刘杨抬头仰望，天是那么的高，那么的蓝，像浩瀚的海洋，这和3年前离开这里的那天一样。站在山上，凉爽的风，消去了他所有疲劳。举目远眺，整个城市尽收眼底，转了一个圈子离开又回来了……'),(6,5,'default.jpg',10000002,'来了个算命瞎子','一天，张老太正在大门口晒太阳，来了个算命瞎子。'),(7,6,'7.jpg',10000002,'治牙华大夫','治牙的华大夫，医术可谓顶天了。您朝他一张嘴，不用说哪个牙疼、哪个牙酸、哪个牙活动，他往里瞅一眼全知道。他能把真牙修理得赛假牙一样漂亮，也能把假牙做得赛真牙一样得用。他哪来的这么大的能耐……'),(8,7,'8.jpg',10000002,'红色的右手','欧洲的北爱尔兰，有一座美丽的城市阿尔斯塔。该城的城徽，竟是在银盾的中心画了一只血淋淋的红色的右手。这究竟是怎么回事呢？'),(9,0,'9.jpg',10000002,'饶人？','都说“得饶人处且饶人”，可这得分跟谁。对退休的老刘来说，饶谁都不能饶老李头，不光不能饶，还得“乘胜追击”，绝不放松。'),(10,8,'10.jpg',10000002,'梦','一个很长很长的梦，南方四月的阳光，斑驳的树影，空气中弥漫着温暖的味道，白色的校服，蓝色的自行车，那个在树下等我的男孩。'),(11,0,'default.jpg',10000002,'爱','这是一个关于爱的故事，主人公虽然面容丑陋，但心却如那圣土，滋养着心灵的花朵的开放。'),(12,0,'default.jpg',10000000,'你不试试怎么知道','我说，叮当，我一定要在你好好学习的人生里，做一个闪闪发光的神经病。叮当说，你试试看。\r\n\r\n我上高二的时候，叮当上高四，就是高三复习班。按说我们根本没有机会谈恋爱，连见的机会都没有。因为高三复习班在另一个教学楼。\r\n\r\n可我的同桌黄立说，他看上一个女孩，死活追不上，为了证明不是他的问题，让我去试试。\r\n\r\n说实话，我压根没想过在高二谈，因为我觉得这个时候早恋已经晚了。\r\n\r\n我早在初二的时候就暗恋一个女孩，我一直以为她也暗恋我。可后来我发现，她根本就不认识我。\r\n\r\n这事对我早期的恋爱观影响很大。但为了说明我早恋过，我跟同学吹牛说我初二就跟人爱的死去活来了。他们都信了。\r\n\r\n现在黄立这么跟我说，为了证明我是绝对的情圣，我不得不硬着头皮答应了。最重要的是，我连这个女孩长什么样都没见过。\r\n\r\n我见到叮当的时候，她正在教室里低头做卷子。黄立指着她对我说，晴朗，看到没，第三排中间那个扎着马尾辫的就是。');
/*!40000 ALTER TABLE `story` ENABLE KEYS */;
UNLOCK TABLES;

--
-- Table structure for table `user`
--

DROP TABLE IF EXISTS `user`;
/*!40101 SET @saved_cs_client     = @@character_set_client */;
/*!40101 SET character_set_client = utf8 */;
CREATE TABLE `user` (
  `uid` int(10) unsigned NOT NULL AUTO_INCREMENT,
  `email` varchar(30) DEFAULT NULL,
  `uname` varchar(30) DEFAULT NULL,
  `password` varchar(20) DEFAULT NULL,
  `sdate` date DEFAULT NULL,
  `profile` varchar(150) DEFAULT NULL,
  `hpic` varchar(50) DEFAULT 'default.pic',
  `sex` enum('M','F','N') DEFAULT 'N',
  `nfon` int(7) DEFAULT '0',
  `nfby` int(7) DEFAULT '0',
  `nvisit` int(7) DEFAULT '0',
  `ncol` int(7) DEFAULT '0',
  `rank` int(7) DEFAULT '0',
  `nfree` int(7) DEFAULT '0',
  `ncard` int(7) DEFAULT '0',
  `nstory` int(7) DEFAULT '0',
  PRIMARY KEY (`uid`),
  KEY `email` (`email`),
  KEY `uname` (`uname`)
) ENGINE=InnoDB AUTO_INCREMENT=10000011 DEFAULT CHARSET=utf8;
/*!40101 SET character_set_client = @saved_cs_client */;

--
-- Dumping data for table `user`
--

LOCK TABLES `user` WRITE;
/*!40000 ALTER TABLE `user` DISABLE KEYS */;
INSERT INTO `user` VALUES (10000000,'617429563@qq.com','Winray','test','2016-07-11','','10000000.jpg','N',4,3,22,0,0,2,0,1),(10000001,'','Winna','test','2016-07-11','','default.jpg','N',0,2,23,0,0,0,0,0),(10000002,'471884121@qq.com','小七','471884121','2016-07-11','','10000002.jpg','N',3,1,7,0,0,0,0,0),(10000003,'617429564@qq.com','LWL','test','2016-07-11','','10000003.jpg','N',0,2,7,0,0,4,0,0),(10000004,'617429565@qq.com','Blue','test','2016-07-11','','10000004.jpg','N',3,1,22,0,0,2,3,0),(10000005,'617429566@qq.com','Sky','','2016-07-11','','default.jpg','N',2,3,25,0,0,2,0,0),(10000006,'33209812@163.com','YONG','123456','2016-07-11','','10000006.jpg','N',1,0,6,0,0,0,0,1),(10000007,'helloworld@qq.com','HelloWord','test','2016-07-11','','10000007.jpg','N',3,1,10,0,0,0,0,0),(10000008,'123@163.com','海月儿','123456','2016-07-11','','10000008.jpg','N',0,1,18,0,0,0,0,0),(10000009,'test@qq.com','Man','test','2016-07-11','','10000009.jpg','N',0,3,17,0,0,0,0,0),(10000010,'happy@qq.com','Happy','test','2016-07-11','','10000010.png','N',1,0,1,0,0,0,0,0);
/*!40000 ALTER TABLE `user` ENABLE KEYS */;
UNLOCK TABLES;
/*!40103 SET TIME_ZONE=@OLD_TIME_ZONE */;

/*!40101 SET SQL_MODE=@OLD_SQL_MODE */;
/*!40014 SET FOREIGN_KEY_CHECKS=@OLD_FOREIGN_KEY_CHECKS */;
/*!40014 SET UNIQUE_CHECKS=@OLD_UNIQUE_CHECKS */;
/*!40101 SET CHARACTER_SET_CLIENT=@OLD_CHARACTER_SET_CLIENT */;
/*!40101 SET CHARACTER_SET_RESULTS=@OLD_CHARACTER_SET_RESULTS */;
/*!40101 SET COLLATION_CONNECTION=@OLD_COLLATION_CONNECTION */;
/*!40111 SET SQL_NOTES=@OLD_SQL_NOTES */;

-- Dump completed on 2016-07-30 14:15:24
